follower_username,following_username,following_name
Valenndiaz8,@ultrasantti,santi
Valenndiaz8,@colgadadlalunaa,milu
Valenndiaz8,@catetoidex,CaœÑa
Valenndiaz8,@atitaentuiter,Ataliva
Valenndiaz8,@not_quiniela,Quiniela
Valenndiaz8,@matipascual01,Mati
Valenndiaz8,@lunoencapri,luno
Valenndiaz8,@nachodlg,ignacio
Valenndiaz8,@juanitt2,juanitt
Valenndiaz8,@paollamas_,Paola
Valenndiaz8,@Ampiacuna,Ampi Acu√±a
Valenndiaz8,@martuvvu,partu malazzini
Valenndiaz8,@joacomrtz,Joaqu√≠n
Valenndiaz8,@matiasgsoria,Matias
Valenndiaz8,@morebarrioss5,More
Valenndiaz8,@pakitto_,paco ro√±oso
Valenndiaz8,@Gonzaacarrera_,Gonzalo Carrera
Valenndiaz8,@F1,Formula 1
Valenndiaz8,@IMFSpokesperson,"Julie Kozack, IMF"
Valenndiaz8,@dulce_tinita,Agus F.
Valenndiaz8,@MartinUribeEcon,Martin Uribe
Valenndiaz8,@joacavanna,Joaqu√≠n Cavanna
Valenndiaz8,@parenlamanok,Paren la mano
Valenndiaz8,@Luisa__Nino,Luisa
Valenndiaz8,@gerchobeder,Gercho Sports
Valenndiaz8,@SoyAlpinito,Alpinito
Valenndiaz8,@leyresaenz21,Leyre S√°enz Guill√©n
Valenndiaz8,@finitaser,ùêÖùê¢ùêßùê¢
Valenndiaz8,@robergalati,Rober Galati
Valenndiaz8,@micknojagger,C
Valenndiaz8,@tommrial,tom
Valenndiaz8,@ischargro,Iv√°n Schargrodsky
Valenndiaz8,@PALavigne83,Pablo Lavigne
Valenndiaz8,@juancahallak,Juan Carlos Hallak
Valenndiaz8,@hmruffo,Hern√°n Ruffo
Valenndiaz8,@icjula,ju
Valenndiaz8,@edugaresp,Eduardo Garz√≥n
uliceee11,@LuciAstorga5,luci
uliceee11,@anasalvatierr17,Ana Salvatierra
uliceee11,@narvaezvalee,valentina
uliceee11,@CamiMartinez209,cam√Æ
uliceee11,@AniVargas7,ùìêùì∑ùì≤
uliceee11,@alvaro_astun,Alvaro
uliceee11,@Vicckyparisi,VICTORIA
uliceee11,@EmanuelPortill7,Emanuel Portillo
uliceee11,@nazarena1604,Naza
uliceee11,@ValentinaYazlle,·¥†·¥Ä ü·¥á…¥·¥õ…™…¥·¥Ä
uliceee11,@Sofibenitez_21,Sof√≠a
uliceee11,@villalbaFacuuu,Facundo Villalba
uliceee11,@CamiiGonzalez52,pulga
uliceee11,@victoriacintas,ùëâùëñùëê
uliceee11,@MariRui15,Mari Ruiz
uliceee11,@araagomz_,ara
uliceee11,@agustinbruno97,Agustin Bruno
uliceee11,@JorgitoCor,Jorgito
uliceee11,@nicorrz,Nico Ruiz Œ®
uliceee11,@FatimaAdad,F√°tima
uliceee11,@EleonoraGutie12,Eleonora
uliceee11,@lourdesgimeneez,Lourdes.
uliceee11,@OPRArgentina,Oficina del Presidente
uliceee11,@LeanZicca,Leandro Ziccarelli
uliceee11,@Flooravilez,Flori fali fru¬∑
uliceee11,@BumperCrop1,Bumper Crop
uliceee11,@marcogammino8D,MARCO ‚òÖ‚òÖ‚òÖ
uliceee11,@RociAp16,Rocio Aparicio
uliceee11,@Federic88189334,Federico Villalba
uliceee11,@constanzanale,Nal√©
uliceee11,@mariangelesss28,
uliceee11,@aguspadillauy,Agus Padilla
uliceee11,@Vanina91076678,Vanina
uliceee11,@Alepereyra91298,Ale
uliceee11,@ayevargas666,Ayevargas666
uliceee11,@cami_albornoz99,Cami Albornoz
uliceee11,@agusnava1307,Agus
uliceee11,@Nachi15703765,Nachi
uliceee11,@marcos_galperin,Marcos Galperin
uliceee11,@Nadiaaaa77,‚Ä¢ùëµùíÇùíÖùíäùíÇ‚Ä¢
uliceee11,@anarios2112,Anita
uliceee11,@MaariAparicio,ùìúùì™ùìªùì≤ùì™
colgadadlalunaa,@Valenndiaz8,Valen Diaz
colgadadlalunaa,@ultrasantti,santi
colgadadlalunaa,@catetoidex,CaœÑa
colgadadlalunaa,@criticadeluko,luko
colgadadlalunaa,@__limardo,Mat√≠as
colgadadlalunaa,@matipascual01,Mati
colgadadlalunaa,@nachodlg,ignacio
colgadadlalunaa,@juanitt2,juanitt
colgadadlalunaa,@PiliDevoto,Pili
colgadadlalunaa,@paollamas_,Paola
colgadadlalunaa,@Ampiacuna,Ampi Acu√±a
colgadadlalunaa,@martuvvu,partu malazzini
colgadadlalunaa,@matiasgsoria,Matias
colgadadlalunaa,@superavitfiscal,Superavit Fiscal
colgadadlalunaa,@GordoDan_,DAN
colgadadlalunaa,@_gggeno,Genoveva
colgadadlalunaa,@tutefunado,Tute
colgadadlalunaa,@allinargy,Cap. Ace McCloud
colgadadlalunaa,@TheRussianVolga,Ruso
colgadadlalunaa,@constant_hevia,Constantino Hevia
colgadadlalunaa,@GoldmanSachs,Goldman Sachs
colgadadlalunaa,@AraziMartin,Martin Arazi
colgadadlalunaa,@AgendaCAF,CAF
colgadadlalunaa,@gintszilbalodis,Gints Zilbalodis
colgadadlalunaa,@FedericoFuriase,Federico Furiase
colgadadlalunaa,@fabulawson,Fabu Lawson
colgadadlalunaa,@venenoodiada,Veneno
colgadadlalunaa,@UBAonline,UBAonline
colgadadlalunaa,@DAIAArgentina,DAIA
colgadadlalunaa,@GabrielSnchez17,Gabriel S√°nchez
colgadadlalunaa,@Columbia,Columbia University
colgadadlalunaa,@ArtemJoyero1,Artem Joyero Ucraniano
colgadadlalunaa,@VoxGundisca,Gundisalvus
colgadadlalunaa,@ladymarketok,Lady Market
colgadadlalunaa,@julian_kip,Julian @ ùóûùóúùó£ „äã‚´∏
not_quiniela,@Valenndiaz8,Valen Diaz
not_quiniela,@ultrasantti,santi
not_quiniela,@catetoidex,CaœÑa
not_quiniela,@atitaentuiter,Ataliva
not_quiniela,@criticadeluko,luko
not_quiniela,@__limardo,Mat√≠as
not_quiniela,@matipascual01,Mati
not_quiniela,@nachodlg,ignacio
not_quiniela,@juanitt2,juanitt
not_quiniela,@PiliDevoto,Pili
not_quiniela,@joacomrtz,Joaqu√≠n
not_quiniela,@morebarrioss5,More
not_quiniela,@clairechuss,Clara
not_quiniela,@felirocaa,Roca
not_quiniela,@jjnegri4,Juan Negri
not_quiniela,@gamesofluckk,gamesofluck
not_quiniela,@mascomplejo,Tecn√≥crata neoliberal
not_quiniela,@ditellamemes,dmemes
not_quiniela,@jlespert,Jos√© Luis Espert
not_quiniela,@julianviader,Julian Viader
not_quiniela,@Nucleoelectrica,Nucleoel√©ctrica Argentina
not_quiniela,@JoseLuisDazaAR,Jose Luis Daza
not_quiniela,@BombitaDarin,Ricardo Darin
not_quiniela,@ditefanol,Martin garrafal
not_quiniela,@SantiForrester_,Santi Forrester
not_quiniela,@porqueTTen_X,¬øPor qu√© tendencia?
not_quiniela,@arg_endatos,Argentina en Datos
not_quiniela,@Pontifex_es,Papa Le√≥n XIV
not_quiniela,@Pontifex266_es,Papa Francisco ‚Äì ARCHIVO
not_quiniela,@Pontifex266Arch,Pope Francis ‚Äì ARCHIVE
not_quiniela,@Pontifex,Pope Leo XIV
not_quiniela,@franmartintdf,Francisco Martin
not_quiniela,@CentroDatosArg,Centro Argentino de Datos
not_quiniela,@liberaldeantoo,antonio
not_quiniela,@OtraPendeja,Pendejis
not_quiniela,@Pendejis_sc,Pende
not_quiniela,@lulalevy,Lula Levy
not_quiniela,@Ag_Monteverde,Agust√≠n Monteverde
matipascual01,@Valenndiaz8,Valen Diaz
matipascual01,@ultrasantti,santi
matipascual01,@delfilarghi,Delfi Larghi
matipascual01,@colgadadlalunaa,milu
matipascual01,@catetoidex,CaœÑa
matipascual01,@atitaentuiter,Ataliva
matipascual01,@not_quiniela,Quiniela
matipascual01,@criticadeluko,luko
matipascual01,@Tottvila,Tomas
matipascual01,@lunoencapri,luno
matipascual01,@nachodlg,ignacio
matipascual01,@juanitt2,juanitt
matipascual01,@PiliDevoto,Pili
matipascual01,@Ampiacuna,Ampi Acu√±a
matipascual01,@matiasgsoria,Matias
matipascual01,@therealbuni,ElBuni
matipascual01,@felirocaa,Roca
matipascual01,@constant_hevia,Constantino Hevia
matipascual01,@julianviader,Julian Viader
matipascual01,@GordoDan_,DAN
matipascual01,@invertiramateur,Inversor Amateur
matipascual01,@santikorovsky,santiago korovsky
matipascual01,@chinowz,Chino
matipascual01,@agospalazzolo,ardi bum
matipascual01,@bichofeoonline,bichofeo
matipascual01,@JavierBolzico,Javier Bolzico
matipascual01,@robertojirusta,R.J.
matipascual01,@martinkabrhell,Martin Kabrhel
matipascual01,@nahuutwm,Nahu
matipascual01,@franaldaya,Francisco Aldaya
matipascual01,@phil_hellmuth,phil_hellmuth
matipascual01,@JorgeGiacobbe,Jorge Giacobbe
matipascual01,@LeoMargets,Leo Margets
matipascual01,@TheGrinder44,Michael Mizrachi - The Grinder
matipascual01,@WSOP,WSOP - World Series of Poker
matipascual01,@jpmarino79,Juan Pablo Marino
valecrespo98,@LuciAstorga5,luci
valecrespo98,@anasalvatierr17,Ana Salvatierra
valecrespo98,@narvaezvalee,valentina
valecrespo98,@CamiMartinez209,cam√Æ
valecrespo98,@AniVargas7,ùìêùì∑ùì≤
valecrespo98,@alvaro_astun,Alvaro
valecrespo98,@Vicckyparisi,VICTORIA
valecrespo98,@nazarena1604,Naza
valecrespo98,@ValentinaYazlle,·¥†·¥Ä ü·¥á…¥·¥õ…™…¥·¥Ä
valecrespo98,@MariRui15,Mari Ruiz
valecrespo98,@uliceee11,ulices
valecrespo98,@araagomz_,ara
valecrespo98,@agustinbruno97,Agustin Bruno
valecrespo98,@JorgitoCor,Jorgito
valecrespo98,@nicorrz,Nico Ruiz Œ®
valecrespo98,@FatimaAdad,F√°tima
valecrespo98,@Candeaceved0,cŒ±…≥…≥
valecrespo98,@Tinchoo_10,Martincho Ô£ø
valecrespo98,@AgustinaYazlle,Agus Yazlle
valecrespo98,@FaacuMartin,Facu
valecrespo98,@vmenditto,Miss Ofertas by Vero
valecrespo98,@franqotorres98,Franco
valecrespo98,@Franco_G03,Franco Guerrero
valecrespo98,@EmiliaGC__,emi ‚Ä¢
valecrespo98,@anacaro46679024,ana carol
valecrespo98,@valseese,Valentina
valecrespo98,@delfi_andrei,Delfina Andrei
valecrespo98,@TravelVida,ùöÉùöõùöäùöüùöéùöï ùöÖùöíùöçùöä
valecrespo98,@MagaSoria,Mugumu
valecrespo98,@Ortega_Joselo,Joselo
valecrespo98,@saanticaastro13,Santi Castro
valecrespo98,@KITUPI,Kitupi
valecrespo98,@FatimaLemir,Faturri
valecrespo98,@JulioVillalb105,Julio Villalba
valecrespo98,@Giulicastgnaro,Giuliano Castagnaro
valecrespo98,@jmoralesbarbera,JM
valecrespo98,@AnaCaro75153945,Ana Carol
valecrespo98,@santimacagno4,santi
valecrespo98,@agusteruelo21,Agus Teruelo
valecrespo98,@joaquinbrisuel1,joaquin brisuela
valecrespo98,@SeleBarrionuev,Sele Barrionuevo
valecrespo98,@Agussbenitez07,gugu
valecrespo98,@mouaixa,Aixa
nachodlg,@Valenndiaz8,Valen Diaz
nachodlg,@ultrasantti,santi
nachodlg,@delfilarghi,Delfi Larghi
nachodlg,@colgadadlalunaa,milu
nachodlg,@not_quiniela,Quiniela
nachodlg,@criticadeluko,luko
nachodlg,@Tottvila,Tomas
nachodlg,@matipascual01,Mati
nachodlg,@juanitt2,juanitt
nachodlg,@PiliDevoto,Pili
nachodlg,@Ampiacuna,Ampi Acu√±a
nachodlg,@matiasgsoria,Matias
nachodlg,@felirocaa,Roca
nachodlg,@julianviader,Julian Viader
nachodlg,@constant_hevia,Constantino Hevia
nachodlg,@clairechuss,Clara
nachodlg,@Santiravera,Santiago
nachodlg,@Esquizonomics,Gringo Bonazzola
nachodlg,@lucasllach,lucas llach
nachodlg,@therealbuni,ElBuni
nachodlg,@AleCiroAlvarez,Alejandro Alvarez
nachodlg,@lexfridman,Lex Fridman
nachodlg,@Cristobalpusso,Crist√≥bal
nachodlg,@ka_levin,Kevin Ary Levin
nachodlg,@nicocasteee,caste
nachodlg,@FranFijap,Fran Fijap
nachodlg,@ahorrandoclick1,Ahorrando Clickbaits
nachodlg,@tomastrape,Tirano Pr√≥fugo
nachodlg,@FranColapinto,Franco Colapinto
nachodlg,@Econ_jobs_,Econ Job News
nachodlg,@dagosluk,Luka
nachodlg,@ischargro,Iv√°n Schargrodsky
nachodlg,@itsvirchu,vir
nachodlg,@MatiasGleser,Matias
nachodlg,@PabloAbrazo_,Pablo
nachodlg,@GastonGertner,Gast√≥n Gertner
nachodlg,@zerohedge,zerohedge
nachodlg,@notsantti_2,santi
PiliDevoto,@Valenndiaz8,Valen Diaz
PiliDevoto,@ultrasantti,santi
PiliDevoto,@colgadadlalunaa,milu
PiliDevoto,@atitaentuiter,Ataliva
PiliDevoto,@not_quiniela,Quiniela
PiliDevoto,@criticadeluko,luko
PiliDevoto,@matipascual01,Mati
PiliDevoto,@lunoencapri,luno
PiliDevoto,@nachodlg,ignacio
PiliDevoto,@juanitt2,juanitt
PiliDevoto,@paollamas_,Paola
PiliDevoto,@Ampiacuna,Ampi Acu√±a
PiliDevoto,@matiasgsoria,Matias
PiliDevoto,@ElEconomista_,El Economista
PiliDevoto,@damianpierri,Dami√°n Pierri
PiliDevoto,@VoxGundisca,Gundisalvus
PiliDevoto,@FranoFo,Francisco
PiliDevoto,@FelipePigna,Felipe Pigna
PiliDevoto,@MatiasGleser,Matias
PiliDevoto,@Santi_Bruno22,Santi
PiliDevoto,@RodB1509,Rodrigo Braga
PiliDevoto,@dieworkwear,derek guy
PiliDevoto,@nicocasteee,caste
PiliDevoto,@kiguel,Miguel A. Kiguel
PiliDevoto,@PP_Rubens,Dr. Peter Paul Rubens
PiliDevoto,@siam1500,Siam 1500
PiliDevoto,@econteo,Mateo
PiliDevoto,@aleprietoo_,Ale Prieto
PiliDevoto,@DiPace4,Dami√°n Di Pace
PiliDevoto,@NaturalMVMT,Brandon Scott
PiliDevoto,@EconUdesa,Departamento de Econom√≠a - U. de San Andr√©s
PiliDevoto,@fedearccl,fede lopez
PiliDevoto,@albertocavallo,Alberto Cavallo
PiliDevoto,@juansenjauregui,Juanse
PiliDevoto,@Nico_Balus,Nico Balus
PiliDevoto,@panchoasturiano,Pancho
joacomrtz,@Valenndiaz8,Valen Diaz
joacomrtz,@catetoidex,CaœÑa
joacomrtz,@atitaentuiter,Ataliva
joacomrtz,@not_quiniela,Quiniela
joacomrtz,@matipascual01,Mati
joacomrtz,@lunoencapri,luno
joacomrtz,@juanitt2,juanitt
joacomrtz,@morebarrioss5,More
joacomrtz,@jjnegri4,Juan Negri
joacomrtz,@ditellamemes,dmemes
joacomrtz,@kgalperin,Karina Galperin
joacomrtz,@PilarLopezN,Pilar L√≥pez Novoa
joacomrtz,@julianhollmann_,Juli√°n Hollmann
joacomrtz,@mascomplejo,Tecn√≥crata neoliberal
joacomrtz,@Conifafa,Coni Fafasuli
joacomrtz,@tepe_ha,Tepe
joacomrtz,@EzeJacof,Ezee
joacomrtz,@camiperochena,Camila Perochena
joacomrtz,@salvalescano,salvador
joacomrtz,@CarlaYumatle,Carla Yumatle
joacomrtz,@luadorf,Lua
joacomrtz,@ArgElecciones,Elecciones Argentina 2025
joacomrtz,@fernandezpm,Pablo M. Fern√°ndez
joacomrtz,@rgtizon,Rodrigo Gonz√°lez Tiz√≥n
joacomrtz,@CaruSomoza,Caru Somoza
joacomrtz,@Bladifiquese,Fedaykin
joacomrtz,@hmruffo,Hern√°n Ruffo
joacomrtz,@rebecavives_,reb
joacomrtz,@LukiGrimson,Luki Grimson
joacomrtz,@tuliafa,Tulia Falleti
joacomrtz,@ExcelHumor,memes.xlsx
joacomrtz,@AdHocOK,Ad Hoc
joacomrtz,@valchumorilla,Valentina
joacomrtz,@davieslenobleGe,Geraldine Davies Lenoble
joacomrtz,@tiagosinache,tiagosinache
joacomrtz,@johacarradore,Johanna
JesusOv33801920,@LuciAstorga5,luci
JesusOv33801920,@anasalvatierr17,Ana Salvatierra
JesusOv33801920,@narvaezvalee,valentina
JesusOv33801920,@CamiMartinez209,cam√Æ
JesusOv33801920,@AniVargas7,ùìêùì∑ùì≤
JesusOv33801920,@Vicckyparisi,VICTORIA
JesusOv33801920,@nazarena1604,Naza
JesusOv33801920,@Sofibenitez_21,Sof√≠a
JesusOv33801920,@ValeRivadeneir4,valentina
JesusOv33801920,@CandeBulacio2,chocolatito
JesusOv33801920,@Candeaceved0,cŒ±…≥…≥
JesusOv33801920,@AgustinaYazlle,Agus Yazlle
JesusOv33801920,@ArganarasMaira,cande
JesusOv33801920,@Ariquiroga03,Ariana
JesusOv33801920,@camilapato1,Cami
JesusOv33801920,@camidigiuseppe,Cami
JesusOv33801920,@gastonedul,Gast√≥n Edul
JesusOv33801920,@malerazo__,–ºalƒ∏a
JesusOv33801920,@ascensointerior,Ascenso del Interior
JesusOv33801920,@InteriorFut,Interior Futbolero
JesusOv33801920,@torneo_regional,Torneo Regional Amateur
JesusOv33801920,@Barbiizabala,Baarr
JesusOv33801920,@888ff_,fifona
JesusOv33801920,@mariettgaspar__,fiffu
JesusOv33801920,@AtaqueFutbolero,Ataque Futbolero
JesusOv33801920,@gh_trivia,GH ENCUESTAS
JesusOv33801920,@gh2022ok,Gran Hermano
JesusOv33801920,@yanilatorre,Yanina Latorre
JesusOv33801920,@DavooXeneizeJRR,Davoo Xeneize
JesusOv33801920,@Sobacigalupo,À¢·µí·∂†‚Å±·µÉ
JesusOv33801920,@LigaAFA,Liga Profesional de F√∫tbol
JesusOv33801920,@afa,AFA
JesusOv33801920,@Fede_1891_C,Fedee Camacho
JesusOv33801920,@Vickymartin1000,Vicky Martin
JesusOv33801920,@MatiasSchrank,Mat√≠as Schrank
JesusOv33801920,@camiblakie1,Cami Escudero
JesusOv33801920,@Rociotorrez_11,Roo
JesusOv33801920,@Fati64523386,Fa
JesusOv33801920,@nazanunezp,Naza Nu√±ez
JesusOv33801920,@florGamazo,flor Gamazo
JesusOv33801920,@yanivega_,Yani Vega
edufeiok,@PatoBullrich,Patricia Bullrich
edufeiok,@madorni,Manuel Adorni
edufeiok,@FerIglesias,Fernando A. Iglesias
edufeiok,@jlespert,Jos√© Luis Espert
edufeiok,@fargosi,Alejandro Fargosi
edufeiok,@LANACION,LA NACION
edufeiok,@vivicanosaok,Viviana Canosa
edufeiok,@DianaMondino,Diana Mondino
edufeiok,@Winston_Dunhill,Winston
edufeiok,@LuisGasulla,Luis Gasulla
edufeiok,@indignadoxd,INDIGNADO
edufeiok,@Nikgaturro,Nik
edufeiok,@florenciarietto,Mar√≠a Florencia Arietto
edufeiok,@mariuvidal,Mar√≠a Eugenia Vidal
edufeiok,@rlopezmurphy,Ricardo L√≥pez Murphy
edufeiok,@atlanticsurff,Diego √Ålzaga Unzu√©
edufeiok,@estebanbullrich,Esteban Bullrich
edufeiok,@guadavazquez,Guadalupe V√°zquez Oficial
edufeiok,@radiomitre,Radio Mitre
edufeiok,@VaticanNews,Vatican News
edufeiok,@vaticannews_it,Vatican News
edufeiok,@ChinaEmbArg,Embajada de China en Argentina
edufeiok,@AdHocOK,Ad Hoc
edufeiok,@porqueTTarg,Tendencias en Argentina
edufeiok,@FinanzasArgy,Finanzas Argy
edufeiok,@PilarRamirezmpr,Pilar Ram√≠rez
edufeiok,@_alvarogonzalez,√Ålvaro Gonz√°lez
edufeiok,@CHTorrendell,Carlos Horacio Torrendell
edufeiok,@pabloquirno,Pablo Quirno
edufeiok,@gbentasgal,Gabriel Ben-Tasgal
edufeiok,@GabyLob,SissiEmperatriz
edufeiok,@ziberiaI,Ziberial
edufeiok,@connie_alfonso,Connie
edufeiok,@rodrilussich,Rodrigo Lussich
PatoBullrich,@edufeiok,Eduardo Feinmann
PatoBullrich,@FerIglesias,Fernando A. Iglesias
PatoBullrich,@jlespert,Jos√© Luis Espert
PatoBullrich,@fargosi,Alejandro Fargosi
PatoBullrich,@JonatanViale,Jonatan Viale
PatoBullrich,@DianaMondino,Diana Mondino
PatoBullrich,@mariuvidal,Mar√≠a Eugenia Vidal
PatoBullrich,@rlopezmurphy,Ricardo L√≥pez Murphy
PatoBullrich,@florenciarietto,Mar√≠a Florencia Arietto
PatoBullrich,@vivicanosaok,Viviana Canosa
PatoBullrich,@estebanbullrich,Esteban Bullrich
PatoBullrich,@Nikgaturro,Nik
PatoBullrich,@osvaldobazan,OB
PatoBullrich,@indignadoxd,INDIGNADO
PatoBullrich,@RCachanosky,Roberto Cachanosky
PatoBullrich,@atlanticsurff,Diego √Ålzaga Unzu√©
PatoBullrich,@guadavazquez,Guadalupe V√°zquez Oficial
PatoBullrich,@radiomitre,Radio Mitre
PatoBullrich,@agencialavieja,Alfredo Casero
PatoBullrich,@Pontifex,Pope Leo XIV
PatoBullrich,@Liberal080706,LiberalLegislativo
PatoBullrich,@UriosAnibal,Anibal Urios
PatoBullrich,@EconomiaMises,Mises
PatoBullrich,@usdtermo,termo
PatoBullrich,@OEA_DDOT,OEA - Departamento Contra Delincuencia Organizada
PatoBullrich,@MariaEmiliaOro,Maria Emilia Orozco
PatoBullrich,@RADIOZONICA,#RadioZonica #Zonica
PatoBullrich,@DOGE__news,(news) DOGE
PatoBullrich,@CheLibertarian,Che Libertarian
PatoBullrich,@OldArg1810,Argentina en la Memoria
PatoBullrich,@NicolasMayoraz,Nicol√°s Mayoraz
PatoBullrich,@elduckpost,ELDUCK
PatoBullrich,@Republica_naOK,Silvia_RepublicanaOK
PatoBullrich,@therealbuni,ElBuni
JonatanViale,@PatoBullrich,Patricia Bullrich
JonatanViale,@madorni,Manuel Adorni
JonatanViale,@FerIglesias,Fernando A. Iglesias
JonatanViale,@jlespert,Jos√© Luis Espert
JonatanViale,@fargosi,Alejandro Fargosi
JonatanViale,@LANACION,LA NACION
JonatanViale,@DianaMondino,Diana Mondino
JonatanViale,@LuisGasulla,Luis Gasulla
JonatanViale,@vivicanosaok,Viviana Canosa
JonatanViale,@Winston_Dunhill,Winston
JonatanViale,@indignadoxd,INDIGNADO
JonatanViale,@Nikgaturro,Nik
JonatanViale,@florenciarietto,Mar√≠a Florencia Arietto
JonatanViale,@rlopezmurphy,Ricardo L√≥pez Murphy
JonatanViale,@RCachanosky,Roberto Cachanosky
JonatanViale,@mariuvidal,Mar√≠a Eugenia Vidal
JonatanViale,@estebanbullrich,Esteban Bullrich
JonatanViale,@guadavazquez,Guadalupe V√°zquez Oficial
JonatanViale,@osvaldobazan,OB
JonatanViale,@MrJuanDoe,Juan Doe
JonatanViale,@sashaferro,SASHA
JonatanViale,@GordoEdicion,El gordo edici√≥n
JonatanViale,@eliLatorre_,Eli Latorre
JonatanViale,@inforeald,Entrenamientos
JonatanViale,@RenzoMPantich,RENZO PANTICH
JonatanViale,@fededelia1,Federico D'Elia
JonatanViale,@ciro_nah,Ciro Rodrigo
JonatanViale,@maxpugliese92,ùôàùòºùôìùôÑ
JonatanViale,@4uf_wiedersehen,Aufie
JonatanViale,@ezeburgo,Ezequiel Burgo
JonatanViale,@DARIOLOPREITE,DARIOLOPREITE
JonatanViale,@agostini____,Agostini
JonatanViale,@kidlapicera,Kid Lapicera
JonatanViale,@PabloAbrazo_,Pablo
JonatanViale,@DanannOficial,Emmanuel Danann
Nikgaturro,@edufeiok,Eduardo Feinmann
Nikgaturro,@PatoBullrich,Patricia Bullrich
Nikgaturro,@FerIglesias,Fernando A. Iglesias
Nikgaturro,@fargosi,Alejandro Fargosi
Nikgaturro,@JonatanViale,Jonatan Viale
Nikgaturro,@indignadoxd,INDIGNADO
Nikgaturro,@Winston_Dunhill,Winston
Nikgaturro,@DianaMondino,Diana Mondino
Nikgaturro,@LuisGasulla,Luis Gasulla
Nikgaturro,@estebanbullrich,Esteban Bullrich
Nikgaturro,@vivicanosaok,Viviana Canosa
Nikgaturro,@osvaldobazan,OB
Nikgaturro,@rlopezmurphy,Ricardo L√≥pez Murphy
Nikgaturro,@guadavazquez,Guadalupe V√°zquez Oficial
Nikgaturro,@atlanticsurff,Diego √Ålzaga Unzu√©
Nikgaturro,@RCachanosky,Roberto Cachanosky
Nikgaturro,@radiomitre,Radio Mitre
Nikgaturro,@HoracioCabak,CABAK
Nikgaturro,@martintetaz,Martin Tetaz
Nikgaturro,@Jorge__Mas,Jorge Mas
Nikgaturro,@LLA_CABA,La Libertad Avanza CABA
Nikgaturro,@Mariolugones_ar,Mario Lugones
Nikgaturro,@leocifelli,Leonardo Cifelli
Nikgaturro,@MGEstevarena,Maril√∫ Gonz√°lez Estevarena
Nikgaturro,@silviaimas,Silvia Imas
Nikgaturro,@PilarRamirezmpr,Pilar Ram√≠rez
Nikgaturro,@DiegoJRecalde,Diego Recalde
Nikgaturro,@SIA_Argentino,Servicio de Inteligencia Argentino
Nikgaturro,@FedericoFuriase,Federico Furiase
Nikgaturro,@Kicker0024,Santiago Bausili
Nikgaturro,@inakiigutierrez,I√±aki Guti√©rrez
Nikgaturro,@NYGBertie,Bertie Benegas Lynch
Nikgaturro,@liberyprogre,Fundaci√≥n Libertad y Progreso
mariuvidal,@edufeiok,Eduardo Feinmann
mariuvidal,@PatoBullrich,Patricia Bullrich
mariuvidal,@FerIglesias,Fernando A. Iglesias
mariuvidal,@fargosi,Alejandro Fargosi
mariuvidal,@JonatanViale,Jonatan Viale
mariuvidal,@estebanbullrich,Esteban Bullrich
mariuvidal,@florenciarietto,Mar√≠a Florencia Arietto
mariuvidal,@LuisGasulla,Luis Gasulla
mariuvidal,@rlopezmurphy,Ricardo L√≥pez Murphy
mariuvidal,@vivicanosaok,Viviana Canosa
mariuvidal,@atlanticsurff,Diego √Ålzaga Unzu√©
mariuvidal,@radiomitre,Radio Mitre
mariuvidal,@osvaldobazan,OB
mariuvidal,@indignadoxd,INDIGNADO
mariuvidal,@RCachanosky,Roberto Cachanosky
mariuvidal,@guadavazquez,Guadalupe V√°zquez Oficial
mariuvidal,@horaciorlarreta,Larreta
mariuvidal,@martintetaz,Martin Tetaz
mariuvidal,@HoracioCabak,CABAK
mariuvidal,@hacemosarg,Hacemos Argentina
mariuvidal,@gabimraida,Gabriel Mraida
mariuvidal,@yanilatorre,Yanina Latorre
mariuvidal,@ursuvargues,Ursula Vargues
mariuvidal,@fedeebongiorno,fefe
mariuvidal,@BalliMarixa,Marixa Balli
mariuvidal,@EliTrotta,Elisa Trotta
mariuvidal,@estoesblender,BLENDER
mariuvidal,@kidlapicera,Kid Lapicera
mariuvidal,@Marcelo_MM2023,MARCELO
mariuvidal,@lariamus,luz
mariuvidal,@MaggeDelbene,Magge Fromgood
mariuvidal,@Sofiabrambilla,Sofia Brambilla
mariuvidal,@RazziniVeronica,Vero Razzini
mariuvidal,@morajozami,Mora Jozami
vivicanosaok,@criticadeluko,luko
vivicanosaok,@edufeiok,Eduardo Feinmann
vivicanosaok,@PatoBullrich,Patricia Bullrich
vivicanosaok,@jlespert,Jos√© Luis Espert
vivicanosaok,@FerIglesias,Fernando A. Iglesias
vivicanosaok,@fargosi,Alejandro Fargosi
vivicanosaok,@JonatanViale,Jonatan Viale
vivicanosaok,@DianaMondino,Diana Mondino
vivicanosaok,@Nikgaturro,Nik
vivicanosaok,@Winston_Dunhill,Winston
vivicanosaok,@LuisGasulla,Luis Gasulla
vivicanosaok,@florenciarietto,Mar√≠a Florencia Arietto
vivicanosaok,@rlopezmurphy,Ricardo L√≥pez Murphy
vivicanosaok,@guadavazquez,Guadalupe V√°zquez Oficial
vivicanosaok,@atlanticsurff,Diego √Ålzaga Unzu√©
vivicanosaok,@mariuvidal,Mar√≠a Eugenia Vidal
vivicanosaok,@RCachanosky,Roberto Cachanosky
vivicanosaok,@estebanbullrich,Esteban Bullrich
vivicanosaok,@agencialavieja,Alfredo Casero
vivicanosaok,@lola98__,Lola
vivicanosaok,@patricano1970,jorge lp
vivicanosaok,@Marirusso1979,Marie Russo
vivicanosaok,@M_pacifista,M
vivicanosaok,@Popama2,Verito#√ëo√±aRepublicana
vivicanosaok,@7PRETOS,PRETO soy luz .
vivicanosaok,@MarucMc,Maru
vivicanosaok,@iamChinaTown,ChinaTown
vivicanosaok,@Edi_hermida,Edith Hermida
vivicanosaok,@Rojodamian,Damian Rojo
vivicanosaok,@nilitraductora,Nili
vivicanosaok,@MariaCa00503855,MariaCabrera
vivicanosaok,@SsissyS,Ssissy
vivicanosaok,@monibastidas7,
vivicanosaok,@Valeia013_,Val Leguizam√≥n
vivicanosaok,@HMarVera,mar vera ojeda
estebanbullrich,@edufeiok,Eduardo Feinmann
estebanbullrich,@PatoBullrich,Patricia Bullrich
estebanbullrich,@FerIglesias,Fernando A. Iglesias
estebanbullrich,@JonatanViale,Jonatan Viale
estebanbullrich,@LuisGasulla,Luis Gasulla
estebanbullrich,@mariuvidal,Mar√≠a Eugenia Vidal
estebanbullrich,@rlopezmurphy,Ricardo L√≥pez Murphy
estebanbullrich,@osvaldobazan,OB
estebanbullrich,@RCachanosky,Roberto Cachanosky
estebanbullrich,@guadavazquez,Guadalupe V√°zquez Oficial
estebanbullrich,@radiomitre,Radio Mitre
estebanbullrich,@HoracioCabak,CABAK
estebanbullrich,@agencialavieja,Alfredo Casero
estebanbullrich,@horaciorlarreta,Larreta
estebanbullrich,@gracielaocana,Graciela Oca√±a
estebanbullrich,@juancampanella,Juan Jos√© Campanella
estebanbullrich,@lauritalonso,Laura Alonso
estebanbullrich,@celtyv,CELTYV
estebanbullrich,@NicoDujovne,Nicolas Dujovne
estebanbullrich,@melaniejoly,M√©lanie Joly
estebanbullrich,@dsmarias,Diego Marias
estebanbullrich,@fyuanjp,Fernando YUAN
estebanbullrich,@LG_RDT,LG_RDT
estebanbullrich,@jaimemendezh,Jaime M√©ndez
estebanbullrich,@juancruzavila,Juan Cruz Avila
estebanbullrich,@FiveThirtyEight,FiveThirtyEight
estebanbullrich,@Fundbaccigalupo,FundacionBaccigalupo
estebanbullrich,@LucaSartorio,Luca Sartorio
estebanbullrich,@CompromisoEduc,Compromiso Educaci√≥n
estebanbullrich,@Luis_bullrich,Lucho Bullrich
estebanbullrich,@MzaDGE,DGE Mendoza
estebanbullrich,@migoya,Martin Migoya
estebanbullrich,@gugamayer,Mariano Mayer
LuisGasulla,@fargosi,Alejandro Fargosi
LuisGasulla,@FerIglesias,Fernando A. Iglesias
LuisGasulla,@PatoBullrich,Patricia Bullrich
LuisGasulla,@Winston_Dunhill,Winston
LuisGasulla,@DianaMondino,Diana Mondino
LuisGasulla,@osvaldobazan,OB
LuisGasulla,@RCachanosky,Roberto Cachanosky
LuisGasulla,@florenciarietto,Mar√≠a Florencia Arietto
LuisGasulla,@rlopezmurphy,Ricardo L√≥pez Murphy
LuisGasulla,@guadavazquez,Guadalupe V√°zquez Oficial
LuisGasulla,@JonatanViale,Jonatan Viale
LuisGasulla,@atlanticsurff,Diego √Ålzaga Unzu√©
LuisGasulla,@claudiosavoia,Claudio Savoia
LuisGasulla,@indignadoxd,INDIGNADO
LuisGasulla,@AcostashowJuan,Acosta
LuisGasulla,@estebanbullrich,Esteban Bullrich
LuisGasulla,@WolffWaldo,Waldo Wolff
LuisGasulla,@spitta1969,Sandra Pitta
LuisGasulla,@martintetaz,Martin Tetaz
LuisGasulla,@HoracioCabak,CABAK
LuisGasulla,@primeraedicionw,Primera Edici√≥n
LuisGasulla,@passalacquaok,Hugo Passalacqua
LuisGasulla,@herrerayflia,Oscar Herrera Ahuad
LuisGasulla,@rovira_carlos,Carlos Rovira
LuisGasulla,@FactosConAdrian,Adrian Ackerman
LuisGasulla,@C5N,C5N
LuisGasulla,@CarajoStream,Carajo
LuisGasulla,@DecutRojas,Sonia Rojas Decut
LuisGasulla,@Arce_Carlos_,Carlos Arce
LuisGasulla,@grok,Grok
LuisGasulla,@mileibarrial,El fen√≥meno barrial
LuisGasulla,@fededomin,Federico Dominguez
LuisGasulla,@ElPelucaMilei,El Peluca Milei
LuisGasulla,@ariwenge,Ariel Wengerowsky
LuisGasulla,@gimenamarques,gimena marques
RCachanosky,@madorni,Manuel Adorni
RCachanosky,@fargosi,Alejandro Fargosi
RCachanosky,@PatoBullrich,Patricia Bullrich
RCachanosky,@DianaMondino,Diana Mondino
RCachanosky,@LuisGasulla,Luis Gasulla
RCachanosky,@rlopezmurphy,Ricardo L√≥pez Murphy
RCachanosky,@osvaldobazan,OB
RCachanosky,@JonatanViale,Jonatan Viale
RCachanosky,@florenciarietto,Mar√≠a Florencia Arietto
RCachanosky,@guadavazquez,Guadalupe V√°zquez Oficial
RCachanosky,@martintetaz,Martin Tetaz
RCachanosky,@estebanbullrich,Esteban Bullrich
RCachanosky,@claudiosavoia,Claudio Savoia
RCachanosky,@lacha,lacha
RCachanosky,@HoracioCabak,CABAK
RCachanosky,@spitta1969,Sandra Pitta
RCachanosky,@WolffWaldo,Waldo Wolff
RCachanosky,@agencialavieja,Alfredo Casero
RCachanosky,@marioraulnegri,Mario Ra√∫l Negri
RCachanosky,@camidolabjian,Camila Dolabjian
RCachanosky,@dalelobo1926,Alejandro Corbacho
RCachanosky,@Urruchurtu,Pedro Urruchurtu Noselli
RCachanosky,@embajadorjpnarg,Embajador del Jap√≥n en la Argentina
RCachanosky,@AndresACisneros,Andr√©s Cisneros
RCachanosky,@Manolo22052015,Arturo Pereira
RCachanosky,@JavierBolzico,Javier Bolzico
RCachanosky,@Lgiannatta48389,Luigi_Giannattasio Montes de Oca
RCachanosky,@GiuliMaglietti,Giuliana Maglietti
RCachanosky,@osvaldooardiles,osvaldo ardiles
RCachanosky,@russellcrowe,Russell Crowe
RCachanosky,@CarolaPessino,Carola Pessino
RCachanosky,@carod2015,Carlos Rodriguez
RCachanosky,@mdzol,MDZ Online
RCachanosky,@luflorescba,Luciana Flores
florenciarietto,@edufeiok,Eduardo Feinmann
florenciarietto,@PatoBullrich,Patricia Bullrich
florenciarietto,@fargosi,Alejandro Fargosi
florenciarietto,@LuisGasulla,Luis Gasulla
florenciarietto,@DianaMondino,Diana Mondino
florenciarietto,@osvaldobazan,OB
florenciarietto,@rlopezmurphy,Ricardo L√≥pez Murphy
florenciarietto,@RCachanosky,Roberto Cachanosky
florenciarietto,@vivicanosaok,Viviana Canosa
florenciarietto,@indignadoxd,INDIGNADO
florenciarietto,@estebanbullrich,Esteban Bullrich
florenciarietto,@WolffWaldo,Waldo Wolff
florenciarietto,@martintetaz,Martin Tetaz
florenciarietto,@AcostashowJuan,Acosta
florenciarietto,@claudiosavoia,Claudio Savoia
florenciarietto,@MateoSfeir,Mateo
florenciarietto,@HoracioCabak,CABAK
florenciarietto,@agencialavieja,Alfredo Casero
florenciarietto,@marioraulnegri,Mario Ra√∫l Negri
florenciarietto,@perezreverte,Arturo P√©rez-Reverte
florenciarietto,@AESTIVIC,Alberto ≈†tiviƒá
florenciarietto,@EmilioSLozano,Emilio S√°nchez Lozano
florenciarietto,@Hernanreg,Hernan Regiardo
florenciarietto,@LeonasARGHockey,LasLeonasHockeyARG
florenciarietto,@CatClaudio,ClaudioAndradeCAT
florenciarietto,@CHRISTI40239486,CHRISTIANSEN
florenciarietto,@RepFrenchHill,French Hill
florenciarietto,@MainCaucus,Republican Main Street Caucus
florenciarietto,@TuckerGringo,El Tuca
florenciarietto,@offspring,The Offspring
florenciarietto,@D22025Dickinson,Paul Bruce Dickinson
florenciarietto,@_DeepPurple,Deep Purple
florenciarietto,@geezerbutler,Geezer Butler
florenciarietto,@jonbonjovi,Jon Bon Jovi
GracielaLu1955,@GuidoKaska,Guido Kaczka ·É¶
GracielaLu1955,@telefe,telefe
GracielaLu1955,@edufeiok,Eduardo Feinmann
GracielaLu1955,@todonoticias,TN - Todo Noticias
GracielaLu1955,@C5N,C5N
GracielaLu1955,@telefenoticias,Telefe Noticias
GracielaLu1955,@AmericaTV,Am√©rica TV
GracielaLu1955,@LANACION,LA NACION
GracielaLu1955,@eltreceoficial,eltrece
GracielaLu1955,@infobae,infobae
GracielaLu1955,@cronica,Cr√≥nica
MiliAndrea5,@infobae,infobae
MiliAndrea5,@RiverPlate,River Plate
LuishectorS32,@losprimerostuc,Los Primeros TV
LuishectorS32,@contextocomar,Contexto Tucum√°n
LuishectorS32,@JMilei,Javier Milei
LuishectorS32,@lv7radiotucuman,LV7 Radio Tucum√°n
LuishectorS32,@infobae,infobae
LuishectorS32,@OsvaldoJaldo,Osvaldo Jaldo
LuishectorS32,@todonoticias,TN - Todo Noticias
LuishectorS32,@lospumas,Los Pumas
LuishectorS32,@MInterior_AR,Ministerio del Interior
LuishectorS32,@LaGacetaTucuman,La Gaceta de Tucum√°n
LuishectorS32,@eltucumano_ok,el tucumano
LuishectorS32,@LANACION,LA NACION
LuishectorS32,@canal10tucuman1,Canal 10 Tucum√°n
Caserita25,@Flor_de_P,Florencia Pe√±a
Caserita25,@unsamoficial,Universidad Nacional de San Mart√≠n
Caserita25,@culturaliteral1,Cultura Literal
Caserita25,@laubfal,Laura Ubfal
Caserita25,@wanditanara,Badbitch
Caserita25,@Arteymas_,El Club del Arte
Caserita25,@iRockNac,Rock Nacional
Caserita25,@Mundo__Paisajes,Paisajes del Mundo
Caserita25,@Moria_Casan,Moria Cas√°n
Caserita25,@elejercitodelam,ElEjercitoDeLAM
Caserita25,@ResisGarrahan,Residencia Pediatria Garrahan
Caserita25,@LisandrMartinez,Lisandro Martinez
Caserita25,@Notamendi30,Nicolas Otamendi
Caserita25,@yanilatorre,Yanina Latorre
Caserita25,@eldestapeweb,El Destape
Caserita25,@TNTSportsAR,TNT Sports Argentina
Caserita25,@MundoChaca,Mundo Chacarita
Caserita25,@AngeldebritoOk,A N G E L
Caserita25,@Intrusos,#Intrusos
Caserita25,@AscensoHundido,AscensoHundido
Caserita25,@CFKArgentina,Cristina Kirchner
Caserita25,@TyCSports,TyC Sports
Caserita25,@radio2rosario,Radio2 AM1230
Caserita25,@Argentina,Selecci√≥n Argentina
Caserita25,@elcosodelapizza,cosito de la pizza
Caserita25,@DiarioOle,Diario Ol√©
Caserita25,@lalioficial,Lali
Caserita25,@Martinpdisalvo,Coscu
Caserita25,@SC_ESPN,SportsCenter
Caserita25,@aguerosergiokun,Sergio Kun Aguero
Caserita25,@MentalHabito,MENTAL HABITO
Caserita25,@LANACION,LA NACION
Caserita25,@NetflixLAT,Netflix Latinoam√©rica
Caserita25,@HistoriaNG,Historia National Geographic
Caserita25,@LATAM_BRA,LATAM Airlines Brasil
JuanMorale69967,@el_poderdelmaso,El Peso Del Maso
JuanMorale69967,@ALBERTOACOSTAB,Alberto Acosta-Burneo
JuanMorale69967,@andreselopeze,Andr√©s L√≥pez E.
JuanMorale69967,@SevillaRoque,Roque Sevilla
JuanMorale69967,@pabloluciop,Pablo Lucio Paredes
JuanMorale69967,@MinGobiernoEc,Ministerio de Gobierno Ecuador
JuanMorale69967,@ComunicacionEc,Comunicaci√≥n Ecuador
JuanMorale69967,@infobae,infobae
JuanMorale69967,@Presidencia_Ec,Presidencia Ecuador
JuanMorale69967,@visionariasec,Visionarias
JuanMorale69967,@notimundoec,NotiMundo
JuanMorale69967,@laposta__ec,La Posta
JuanMorale69967,@andevillamarin,Andr√©s Villamar√≠n Espinel
JuanMorale69967,@BaulDeLDU,Ba√∫l de LDU
JuanMorale69967,@michaelroseroX,Michael Rosero
JuanMorale69967,@josecarloscresp,Jos√© Carlos Crespo
JuanMorale69967,@Albotermo,Albotermo
JuanMorale69967,@karensichel,Karen Sichel
JuanMorale69967,@StalinCobena,Stalin Cobena
JuanMorale69967,@feviIIavicencio,Fernando Villavicencio
JuanMorale69967,@MashiRafael,Rafael Correa
JuanMorale69967,@ecuainm_oficial,Ecuadorinmediato
JuanMorale69967,@PrimeraPlanaECU,PrimeraPlanaECU
JuanMorale69967,@radioquitoec,Radio Quito
JuanMorale69967,@CodigoVidrioEc,C√≥digo Vidrio
JuanMorale69967,@BNPeriodismo,BN
JuanMorale69967,@radio_pichincha,Radio Pichincha
JuanMorale69967,@eduardomenoni,Eduardo Menoni
JuanMorale69967,@LuisaGonzalezEc,Luisa Gonz√°lez
JuanMorale69967,@DanielNoboaOk,Daniel Noboa Azin
JuanMorale69967,@ElPulsoEc,Pulso
JuanMorale69967,@CneCapital,CNE Distrito Capital
JuanMorale69967,@cnegobec,cnegobec
GuilleSchmitt,@edufeiok,Eduardo Feinmann
GuilleSchmitt,@JMilei,Javier Milei
GuilleSchmitt,@agusantonetti,Agust√≠n Antonetti
GuilleSchmitt,@rodrigodeloredo,Rodrigo de Loredo
GuilleSchmitt,@infobae,infobae
GuilleSchmitt,@pilaradiario,Pilar a Diario
giatti64518,@infobae,infobae
giatti64518,@LANACION,LA NACION
giatti64518,@todonoticias,TN - Todo Noticias
DoPepenoes30749,@barondelmerval,El Bar√≥n del Merval
DoPepenoes30749,@discrepo__,Meto Tedina
DoPepenoes30749,@DiPace4,Dami√°n Di Pace
DoPepenoes30749,@infobae,infobae
DoPepenoes30749,@Cadena3Com,Cadena 3 Argentina
DoPepenoes30749,@EpecOficial,EPEC C√≥rdoba
DoPepenoes30749,@suric4taaa,Ojete de Anto Rocuzzo fan account
DoPepenoes30749,@gabuleta,Gabu
DoPepenoes30749,@agusdababy,agus
DoPepenoes30749,@berrettasofi,sofi
DoPepenoes30749,@astrobort,astrobort
DoPepenoes30749,@toyhartas,manyu.u
DoPepenoes30749,@NataliaVartan,Natalia Vartan
DoPepenoes30749,@ChuchoTrader,Chucho
DoPepenoes30749,@TraderX3AL30,TraderBCRA
DoPepenoes30749,@eloraculoteama,El Or√°culo
DoPepenoes30749,@MemeMinistro,Sr. Ministro
DoPepenoes30749,@gladiadormerval,Gladiador Merval
DoPepenoes30749,@cristiannmillo,Cristian
DoPepenoes30749,@chinowz,Chino
DoPepenoes30749,@TraductorTeAma,Traductor
DoPepenoes30749,@PalanqueroDLR,Palanquero
DoPepenoes30749,@polariscopi0,Polci
DoPepenoes30749,@arielsbdar,Ariel Sbdar
DoPepenoes30749,@DolarBlueDiario,D√≥lar Blue Hoy
NTCP79106,@ElPitazoTV,El Pitazo
NTCP79106,@ElNacionalWeb,El Nacional
NTCP79106,@miguelhotero,Miguel H Otero
NTCP79106,@laureanomar,Laureano Marquez
NTCP79106,@AlertaNews24,Alerta News 24
NTCP79106,@la_patilla,La Patilla
NTCP79106,@noticierovv,Noticias Venevision
NTCP79106,@RunRunesWeb,Runrunes
NTCP79106,@nelsonbocaranda,Nelson Bocaranda Sardi.
NTCP79106,@NituPerez,Nitu P√©rez Osuna
NTCP79106,@PoleoRafael,Rafael Poleo
NTCP79106,@NTN24ve,NTN24 Venezuela
NTCP79106,@MariaCorinaYA,Mar√≠a Corina Machado
NTCP79106,@NTN24,NTN24
NTCP79106,@FoxNews,Fox News
NTCP79106,@carlaangola,Carla Angola TV
NTCP79106,@infobaeamerica,Infobae Am√©rica
NTCP79106,@infobae,infobae
NTCP79106,@ibepacheco,Ib√©yise Pacheco
NTCP79106,@IdaniaChirinos,Idania Chirinos
NTCP79106,@monitoreamos,Monitoreamos
NTCP79106,@ChuoTorrealba,Jesus Chuo Torrealba
NTCP79106,@AlbertoRavell,Alberto Ravell
NTCP79106,@UNoticias,√öltimas Noticias
NTCP79106,@MundoEConflicto,Mundo en Conflicto
NTCP79106,@maibortpetit,Maibort Petit
NTCP79106,@cmrondon,C√©sar Miguel Rond√≥n
NTCP79106,@elmundoes,EL MUNDO
NTCP79106,@CaraotaDigital,Caraota Digital
NTCP79106,@AlbertoRodNews,AlbertoRodNews
NTCP79106,@napoleonbravo,Napole√≥n Bravo
NTCP79106,@EfectoCocuyo,Efecto Cocuyo
NTCP79106,@Leonardo_Padron,Leonardo Padr√≥n
NTCP79106,@elcitizen,Leopoldo Castillo
NTCP79106,@yukk66,Venezuela libre
LorenzoMedina91,@EpecOficial,EPEC C√≥rdoba
LorenzoMedina91,@GerardoLopez,Gerardo L√≥pez
LorenzoMedina91,@infobae,infobae
LorenzoMedina91,@TyCSports,TyC Sports
Gustavo36972431,@disneyplusla,Disney+ Latinoam√©rica
Gustavo36972431,@PrimeVideoLat,Prime Video LATAM
Gustavo36972431,@Paramount_LatAm,Paramount Latinoam√©rica
Gustavo36972431,@NBALatam,NBA Latam
Gustavo36972431,@espnsutcliffe,John Sutcliffe
Gustavo36972431,@NFL,NFL
Gustavo36972431,@sextaNoticias,laSexta Noticias
Gustavo36972431,@okdiario,okdiario.com
Gustavo36972431,@larazon_es,La Raz√≥n
Gustavo36972431,@El_Hormiguero,El Hormiguero
Gustavo36972431,@abc_es,ABC.es
Gustavo36972431,@telecincoes,Telecinco
Gustavo36972431,@informativost5,Informativos Telecinco
Gustavo36972431,@antena3com,Antena 3
Gustavo36972431,@rtvenoticias,RTVE Noticias
Gustavo36972431,@20m,20minutos.es
Gustavo36972431,@A3Noticias,Antena 3 Noticias
Gustavo36972431,@AUFOficial,AUF
Gustavo36972431,@ElOtroValentin,Valent√≠n Canale
Gustavo36972431,@euronewses,euronews espa√±ol
Gustavo36972431,@ideeleradio,Ideeleradio
Gustavo36972431,@AFPespanol,Agence France-Presse
Gustavo36972431,@heduardo50,Heduardo
Gustavo36972431,@dw_espanol,DW Espa√±ol
Gustavo36972431,@PatoBullrich,Patricia Bullrich
Gustavo36972431,@fargosi,Alejandro Fargosi
Gustavo36972431,@clarincom,Clar√≠n
Gustavo36972431,@Nikgaturro,Nik
Gustavo36972431,@edufeiok,Eduardo Feinmann
Gustavo36972431,@JonatanViale,Jonatan Viale
Gustavo36972431,@todonoticias,TN - Todo Noticias
Gustavo36972431,@radiomitre,Radio Mitre
Gustavo36972431,@LANACION,LA NACION
Gustavo36972431,@FerIglesias,Fernando A. Iglesias
marijerry113751,@TheTopComics,The Top Comics
marijerry113751,@fedeebongiorno,fefe
marijerry113751,@PlanetaBoca,Planeta Boca Juniors
marijerry113751,@todonoticias,TN - Todo Noticias
marijerry113751,@TNTSportsAR,TNT Sports Argentina
marijerry113751,@Un_mundo_otaku,Mundo Otaku
marijerry113751,@halconada,Hugo Alconada Mon
marijerry113751,@infobae,infobae
marijerry113751,@crunchyroll_es,Crunchyroll.es
marijerry113751,@JMilei,Javier Milei
marijerry113751,@BocaJrsOficial,Boca Juniors
marijerry113751,@WolffWaldo,Waldo Wolff
marijerry113751,@RiverPlate,River Plate
marijerry113751,@gastonedul,Gast√≥n Edul
marijerry113751,@TyCSports,TyC Sports
marijerry113751,@Argentina,Selecci√≥n Argentina
marijerry113751,@MentalHabito,MENTAL HABITO
marijerry113751,@GranHermanoAr,Gran Hermano
ruzzih1957,@RodrigoFronzo,Rodrigo Fronzo
ruzzih1957,@EstebanPaulon,Esteban Paul√≥n
ruzzih1957,@NANCYPAZOS,@NANCYPAZOS
ruzzih1957,@infobae,infobae
ruzzih1957,@ClonanVandalo,Subcomandante Clonan
ruzzih1957,@LongobardiM,Marcelo Longobardi
ruzzih1957,@MichelGuilleOK,Guillermo Michel
ruzzih1957,@DataDiario,Data Diario
ruzzih1957,@arilijalad,ari lijalad
ruzzih1957,@fllorenteantoni,Antonio F Llorente
ruzzih1957,@SoyFeudaleM,Marcela Feudale
ruzzih1957,@Grito_delSur,El Grito del Sur
ruzzih1957,@juanenriqueUBA,Juan Enrique
ruzzih1957,@SickoFrankRizzo,Frank Rizzo
ruzzih1957,@RPN_Oficial,Revoluci√≥n Popular
ruzzih1957,@caidodelcatre,@caidodelcatre
ruzzih1957,@sergiopeinador,SERGIO RODRIGUEZ
ruzzih1957,@aleberco,Alejandro Bercovich
ruzzih1957,@ArrepentidosLLA,Arrepentidos de Milei
ruzzih1957,@El_Gran_Cala,EL GRAN Cala
ruzzih1957,@maximmontenegro,Maxi Montenegro
ruzzih1957,@sigmanoticias,sigmanoticias
ruzzih1957,@PellizaCarla,Carla Pelliza
ruzzih1957,@LaDoloresAgrup1,La Dolores
ruzzih1957,@TodoNegativo,Todo Negativo
ruzzih1957,@BotArgenzuela,Argenzuela TV
ruzzih1957,@DoctoraSexual,Doctora Sexual
ruzzih1957,@raultimerman,Ra√∫l Timerman
ruzzih1957,@Irys70,Irene
ruzzih1957,@RCachanosky,Roberto Cachanosky
ruzzih1957,@FabianWaldman,Fabian Waldman
ruzzih1957,@eldestape_radio,El Destape 1070
ruzzih1957,@morenoparalavic,Guillermo Moreno
ruzzih1957,@74carlosnob,carlos badaracco
malel032,@Jeffers05879522,carlos
malel032,@SexoSinCensura2,SexoSinCensura
malel032,@504_todo,sexo casero muy Rico
malel032,@DeclaracionDDMM,Derechos de las Mujeres basados en el Sexo
malel032,@sexoalpublico,Sexo en la via publica
malel032,@Nico_sexo,Nico
malel032,@amante_pareja,pareja amante al sexo
malel032,@pagina12,P√°gina|12
malel032,@A24COM,A24.com
malel032,@eltreceoficial,eltrece
malel032,@clarincom,Clar√≠n
malel032,@telefenoticias,Telefe Noticias
malel032,@canal26noticias,CANAL 26
malel032,@Martinpdisalvo,Coscu
malel032,@infobae,infobae
malel032,@todonoticias,TN - Todo Noticias
malel032,@BocaJrsOficial,Boca Juniors
malel032,@C5N,C5N
malel032,@AmericaTV,Am√©rica TV
malel032,@Intrusos,#Intrusos
malel032,@hectorlocutor,H√âCTOR ROSSI
Joaquin8349881,@HernanSCastillo,Hern√°n Castillo
Joaquin8349881,@LuquitaRodrigue,Luis Luis Pichin
Joaquin8349881,@mauroszeta,V√≠a Szeta
Joaquin8349881,@martindardik,trinche
Joaquin8349881,@PoliticaEnRiver,Politica en River
Joaquin8349881,@Paralyticss,Paralytics
Joaquin8349881,@juancortese,Juan Cortese
Joaquin8349881,@juegosimple__,JS
Joaquin8349881,@AtaqueFutbolero,Ataque Futbolero
Joaquin8349881,@turcocarp,Nadir Ghazal
Joaquin8349881,@Sebasrur,Sebasti√°n Srur
Joaquin8349881,@benitosdr10,Benito SDR
Joaquin8349881,@xmilianx_,Palito
Joaquin8349881,@chomickirio,ùïÆùñçùñîùñíùñé
Joaquin8349881,@termenzo,termenzo
Joaquin8349881,@juanigal_,Juan Igal
Joaquin8349881,@MedioRiver,Medio River
Joaquin8349881,@_crisenberg_,cris
Joaquin8349881,@inforeald,Entrenamientos
Joaquin8349881,@jeroveintidos,jero
Joaquin8349881,@RiverLPM,La P√°gina Millonaria
Joaquin8349881,@TyCSports,TyC Sports
Joaquin8349881,@DiarioOle,Diario Ol√©
Joaquin8349881,@LANACION,LA NACION
Joaquin8349881,@DavooXeneizeJRR,Davoo Xeneize
Joaquin8349881,@RiverPlate,River Plate
Joaquin8349881,@clarincom,Clar√≠n
Joaquin8349881,@infobae,infobae
Joaquin8349881,@gastonedul,Gast√≥n Edul
Joaquin8349881,@todonoticias,TN - Todo Noticias
Joaquin8349881,@TNTSportsAR,TNT Sports Argentina
Joaquin8349881,@C5N,C5N
Joaquin8349881,@ESPNArgentina,ESPN Argentina
Joaquin8349881,@A24COM,A24.com
TorrezDavi20685,@RiverPlate,River Plate
TorrezDavi20685,@nocontextfooty,Out Of Context Football
TorrezDavi20685,@infobae,infobae
TorrezDavi20685,@Andres_vernazza,Andres Vernazza
TorrezDavi20685,@Argentina,Selecci√≥n Argentina
TorrezDavi20685,@MentalHabito,MENTAL HABITO
TorrezDavi20685,@TorresErwerle,Valent√≠n Torres Erwerle
TorrezDavi20685,@mauroszeta,V√≠a Szeta
TorrezDavi20685,@AtaqueFutbolero,Ataque Futbolero
TorrezDavi20685,@fabipa90,Fabipa
TorrezDavi20685,@atr_ahre,atr ahre
TorrezDavi20685,@BocaJrsOficial,Boca Juniors
TorrezDavi20685,@AsisOberdan,Jorge Asis
TorrezDavi20685,@lautarodeIcampo,LACOBRAAA
TorrezDavi20685,@CAPArgento__,Pe√±argrol
TorrezDavi20685,@elejercitodelam,ElEjercitoDeLAM
TorrezDavi20685,@Flantasma1,flantasma
TorrezDavi20685,@GonchiTurcuman7,Toti
TorrezDavi20685,@baigo28,MIGU‚Ç¨L
TorrezDavi20685,@Bennrubio,El Princeso
TorrezDavi20685,@EmanuelGaitan18,Emanuel.
TorrezDavi20685,@Yamilapuscama1,Yami
TorrezDavi20685,@romi_lunaaa, Ä·¥è·¥ç…™ ·¥óÃàÍï•
TorrezDavi20685,@EnzoRuarte4,Enzo
TorrezDavi20685,@Sdnjuli,Julieta
TorrezDavi20685,@nadia_lucero19,NaniLucero.21
TorrezDavi20685,@Pulujv,Mat√≠as
juanpablogalve,@ESPNArgentina,ESPN Argentina
juanpablogalve,@VyGTalleres,Viejo Y Glorioso Talleres
juanpablogalve,@porquetendencia,¬øPor qu√© es tendencia?
juanpablogalve,@Josefinastrs,JoseCAT
juanpablogalve,@infobae,infobae
juanpablogalve,@C5N,C5N
juanpablogalve,@DavooXeneizeJRR,Davoo Xeneize
juanpablogalve,@RecibimientoT,Recibimiento Albiazul
juanpablogalve,@PlanetaCAT,Planeta Talleres
juanpablogalve,@la1913com,La1913ok
juanpablogalve,@CATalleresdecba,Club Atl√©tico Talleres
NicolasBen76632,@FinanzasArgy,Finanzas Argy
NicolasBen76632,@porquetendencia,¬øPor qu√© es tendencia?
NicolasBen76632,@SC_ESPN,SportsCenter
NicolasBen76632,@todonoticias,TN - Todo Noticias
NicolasBen76632,@infobae,infobae
NicolasBen76632,@DiarioOle,Diario Ol√©
NicolasBen76632,@AngeldebritoOk,A N G E L
NicolasBen76632,@capturebizarre,Capture Bizarre¬Æ
NicolasBen76632,@RiverPlate,River Plate
NicolasBen76632,@JMilei,Javier Milei
NicolasBen76632,@TyCSports,TyC Sports
gfisdel1428,@cnni,CNN International
gfisdel1428,@CNBC,CNBC
gfisdel1428,@genteonline,GENTE
gfisdel1428,@Moria_Casan,Moria Cas√°n
gfisdel1428,@PaparazziRevis,Paparazzi
gfisdel1428,@Flordelav,Flor De La Ve
gfisdel1428,@infobae,infobae
gfisdel1428,@CNN,CNN
gfisdel1428,@laubfal,Laura Ubfal
gfisdel1428,@cnnbrk,CNN Breaking News
gfisdel1428,@NetflixLAT,Netflix Latinoam√©rica
gfisdel1428,@yanilatorre,Yanina Latorre
Cristhi84344602,@TNTSportsAR,TNT Sports Argentina
Cristhi84344602,@LongobardiM,Marcelo Longobardi
Cristhi84344602,@CarburandoTV,Carburando
Cristhi84344602,@wwnicolas,Nicol√°s Wi√±azki
Cristhi84344602,@alfleuco,Alfredo Leuco
Cristhi84344602,@emimernes_,emilia
Cristhi84344602,@RiverPlate,River Plate
Cristhi84344602,@JMilei,Javier Milei
Cristhi84344602,@madorni,Manuel Adorni
Cristhi84344602,@gastonedul,Gast√≥n Edul
Cristhi84344602,@LANACION,LA NACION
Cristhi84344602,@edufeiok,Eduardo Feinmann
Cristhi84344602,@lanacionmas,La Naci√≥n M√°s
Cristhi84344602,@TyCSports,TyC Sports
Cristhi84344602,@Argentina,Selecci√≥n Argentina
Cristhi84344602,@PatoBullrich,Patricia Bullrich
Cristhi84344602,@majulluis,Luis Majul
Cristhi84344602,@SC_ESPN,SportsCenter
Cristhi84344602,@JonatanViale,Jonatan Viale
Cristhi84344602,@DiarioOle,Diario Ol√©
Cristhi84344602,@ObservadorUY,El Observador Uruguay
Cristhi84344602,@elpaisuy,EL PA√çS
Cristhi84344602,@radiomitre,Radio Mitre
Cristhi84344602,@fifaworldcup_es,Copa Mundial FIFA
Cristhi84344602,@clarincom,Clar√≠n
Cristhi84344602,@infobae,infobae
Cristhi84344602,@fernechini,Amor al Fernet
mendy_adriana,@infobae,infobae
valenog44,@infobae,infobae
valenog44,@Kicillofok,Axel Kicillof
valenog44,@C5N,C5N
