username,name
@Valenndiaz8,Valen Diaz
@uliceee11,ulices
@colgadadlalunaa,milu
@not_quiniela,Quiniela
@matipascual01,Mati
@valecrespo98,vale
@nachodlg,ignacio
@PiliDevoto,Pili
@joacomrtz,Joaquín
@JesusOv33801920,Jesus_Oviedo
@edufeiok,Eduardo Feinmann
@PatoBullrich,Patricia Bullrich
@JonatanViale,Jonatan Viale
@Nikgaturro,Nik
@mariuvidal,María Eugenia Vidal
@vivicanosaok,Viviana Canosa
@estebanbullrich,Esteban Bullrich
@LuisGasulla,Luis Gasulla
@RCachanosky,Roberto Cachanosky
@florenciarietto,María Florencia Arietto
@GracielaLu1955,Graciela Rodriguez
@MiliAndrea5,Milagros
@LuishectorS32,Luis hector Serrano
@Alberto8533791,Alberto
@Caserita25,veronica
@CIbarguren41166,claudia ibarguren
@JuanMorale69967,Juan Morales
@GuilleSchmitt,Guillermo Schmitt
@giatti64518,Graciela isabel Giatti
@DoPepenoes30749,pepenoes do
@NTCP79106,Naylet Torres
@LorenzoMedina91,Loren Medina
@Gustavo36972431,Gustavo Ferreira
@marijerry113751,marijerry
@ruzzih1957,Humberto Ruzzi
@malel032,Elu Mal
@Joaquin8349881,Joaquin
@TorrezDavi20685,David Torrez
@emiliallanoss,emilia llanos
@juanpablogalve,Juampi
@NicolasBen76632,Nicolas Benitez
@gfisdel1428,grace fisdel
@Cristhi84344602,Cristhian
@mendy_adriana,Adriana Mendy
@valenog44,Valeria Nogueira
@Alexand22924733,Alexander
@apiigz,apii
@lop1241,Ignacio Lopez
@Arellano_agus,Agus Nahir
@unicapao0,paola
@Sol85Rio,Natalia Rios
@loquitodelcoco,B Icia 121
@Luisautomoto,Luis Lala
@Lib_And_Pop,Liberal y popular
@Osama_chan,Osama_chan
@JuanBenavi16430,Juan Benavidez
@CamiVBono,Camila Bono
@Luciana1211065,Luciana
@RocioYasmi54485,Rocio Yasmin
@RicardoAce53119,Ricardo Acevedo
@Luisa40525415,Luisa
@velazco42561,Israel Mendoza Velazco
@squeri54693,lucas squeri
@Juli54715547,Juli
@HerJul35638,Jul Her
@SelimNunez,Selim Ruben NUÑEZ
