following_username,following_name,count
@infobae,infobae,20
@PatoBullrich,Patricia Bullrich,11
@edufeiok,Eduardo Feinmann,10
@fargosi,Alejandro Fargosi,10
@rlopezmurphy,Ricardo L√≥pez Murphy,10
@FerIglesias,Fernando A. Iglesias,9
@JonatanViale,Jonatan Viale,9
@guadavazquez,Guadalupe V√°zquez Oficial,9
@estebanbullrich,Esteban Bullrich,9
@LANACION,LA NACION,9
@RCachanosky,Roberto Cachanosky,9
@osvaldobazan,OB,8
@DianaMondino,Diana Mondino,8
@LuisGasulla,Luis Gasulla,8
@todonoticias,TN - Todo Noticias,8
@radiomitre,Radio Mitre,7
@juanitt2,juanitt,7
@indignadoxd,INDIGNADO,7
@florenciarietto,Mar√≠a Florencia Arietto,7
@HoracioCabak,CABAK,6
@ultrasantti,santi,6
@RiverPlate,River Plate,6
@Valenndiaz8,Valen Diaz,6
@atlanticsurff,Diego √Ålzaga Unzu√©,6
@C5N,C5N,6
@vivicanosaok,Viviana Canosa,6
@TyCSports,TyC Sports,6
@criticadeluko,luko,6
@matipascual01,Mati,6
@not_quiniela,Quiniela,5
@agencialavieja,Alfredo Casero,5
@nachodlg,ignacio,5
@catetoidex,CaœÑa,5
@Winston_Dunhill,Winston,5
@matiasgsoria,Matias,5
@martintetaz,Martin Tetaz,5
@atitaentuiter,Ataliva,5
@mariuvidal,Mar√≠a Eugenia Vidal,5
@Ampiacuna,Ampi Acu√±a,5
@jlespert,Jos√© Luis Espert,5
@Nikgaturro,Nik,5
@JMilei,Javier Milei,5
@Argentina,Selecci√≥n Argentina,4
@DiarioOle,Diario Ol√©,4
@yanilatorre,Yanina Latorre,4
@WolffWaldo,Waldo Wolff,4
@TNTSportsAR,TNT Sports Argentina,4
@clarincom,Clar√≠n,4
@gastonedul,Gast√≥n Edul,4
@PiliDevoto,Pili,4
@lunoencapri,luno,4
@madorni,Manuel Adorni,4
@colgadadlalunaa,milu,4
@Vicckyparisi,VICTORIA,3
@paollamas_,Paola,3
@DavooXeneizeJRR,Davoo Xeneize,3
@julianviader,Julian Viader,3
@felirocaa,Roca,3
@LuciAstorga5,luci,3
@nazarena1604,Naza,3
@SC_ESPN,SportsCenter,3
@MentalHabito,MENTAL HABITO,3
@constant_hevia,Constantino Hevia,3
@morebarrioss5,More,3
@narvaezvalee,valentina,3
@AtaqueFutbolero,Ataque Futbolero,3
@CamiMartinez209,cam√Æ,3
@therealbuni,ElBuni,3
@BocaJrsOficial,Boca Juniors,3
@anasalvatierr17,Ana Salvatierra,3
@AniVargas7,ùìêùì∑ùì≤,3
@claudiosavoia,Claudio Savoia,3
@Candeaceved0,cŒ±…≥…≥,2
@agustinbruno97,Agustin Bruno,2
@PilarRamirezmpr,Pilar Ram√≠rez,2
@Pontifex,Pope Leo XIV,2
@fedeebongiorno,fefe,2
@AmericaTV,Am√©rica TV,2
@GordoDan_,DAN,2
@AngeldebritoOk,A N G E L,2
@martuvvu,partu malazzini,2
@JavierBolzico,Javier Bolzico,2
@mascomplejo,Tecn√≥crata neoliberal,2
@mauroszeta,V√≠a Szeta,2
@FinanzasArgy,Finanzas Argy,2
@FedericoFuriase,Federico Furiase,2
@FatimaAdad,F√°tima,2
@eltreceoficial,eltrece,2
@elejercitodelam,ElEjercitoDeLAM,2
@EpecOficial,EPEC C√≥rdoba,2
@Intrusos,#Intrusos,2
@AgustinaYazlle,Agus Yazlle,2
@alvaro_astun,Alvaro,2
@nicocasteee,caste,2
@A24COM,A24.com,2
@inforeald,Entrenamientos,2
@MatiasGleser,Matias,2
@ischargro,Iv√°n Schargrodsky,2
@Martinpdisalvo,Coscu,2
@jjnegri4,Juan Negri,2
@araagomz_,ara,2
@horaciorlarreta,Larreta,2
@joacomrtz,Joaqu√≠n,2
@MariRui15,Mari Ruiz,2
@hmruffo,Hern√°n Ruffo,2
@NetflixLAT,Netflix Latinoam√©rica,2
@AcostashowJuan,Acosta,2
@AdHocOK,Ad Hoc,2
@LongobardiM,Marcelo Longobardi,2
@kidlapicera,Kid Lapicera,2
@PabloAbrazo_,Pablo,2
@laubfal,Laura Ubfal,2
@JorgitoCor,Jorgito,2
@Moria_Casan,Moria Cas√°n,2
@marioraulnegri,Mario Ra√∫l Negri,2
@nicorrz,Nico Ruiz Œ®,2
@__limardo,Mat√≠as,2
@delfilarghi,Delfi Larghi,2
@ESPNArgentina,ESPN Argentina,2
@Sofibenitez_21,Sof√≠a,2
@porquetendencia,¬øPor qu√© es tendencia?,2
@DiPace4,Dami√°n Di Pace,2
@Tottvila,Tomas,2
@clairechuss,Clara,2
@spitta1969,Sandra Pitta,2
@ditellamemes,dmemes,2
@chinowz,Chino,2
@ValentinaYazlle,·¥†·¥Ä ü·¥á…¥·¥õ…™…¥·¥Ä,2
@telefenoticias,Telefe Noticias,2
@VoxGundisca,Gundisalvus,2
@gh2022ok,Gran Hermano,1
@dalelobo1926,Alejandro Corbacho,1
@franmartintdf,Francisco Martin,1
@delfi_andrei,Delfina Andrei,1
@gintszilbalodis,Gints Zilbalodis,1
@franqotorres98,Franco,1
@gimenamarques,gimena marques,1
@damianpierri,Dami√°n Pierri,1
@gh_trivia,GH ENCUESTAS,1
@fyuanjp,Fernando YUAN,1
@gerchobeder,Gercho Sports,1
@davieslenobleGe,Geraldine Davies Lenoble,1
@genteonline,GENTE,1
@geezerbutler,Geezer Butler,1
@dagosluk,Luka,1
@benitosdr10,Benito SDR,1
@gamesofluckk,gamesofluck,1
@gabuleta,Gabu,1
@gabimraida,Gabriel Mraida,1
@berrettasofi,sofi,1
@gbentasgal,Gabriel Ben-Tasgal,1
@gracielaocana,Graciela Oca√±a,1
@barondelmerval,El Bar√≥n del Merval,1
@cnegobec,cnegobec,1
@atr_ahre,atr ahre,1
@connie_alfonso,Connie,1
@inakiigutierrez,I√±aki Guti√©rrez,1
@ideeleradio,Ideeleradio,1
@constanzanale,Nal√©,1
@icjula,ju,1
@ibepacheco,Ib√©yise Pacheco,1
@contextocomar,Contexto Tucum√°n,1
@iamChinaTown,ChinaTown,1
@cristiannmillo,Cristian,1
@cnnbrk,CNN Breaking News,1
@iRockNac,Rock Nacional,1
@cronica,Cr√≥nica,1
@gladiadormerval,Gladiador Merval,1
@crunchyroll_es,Crunchyroll.es,1
@cmrondon,C√©sar Miguel Rond√≥n,1
@herrerayflia,Oscar Herrera Ahuad,1
@heduardo50,Heduardo,1
@hectorlocutor,H√âCTOR ROSSI,1
@halconada,Hugo Alconada Mon,1
@hacemosarg,Hacemos Argentina,1
@gugamayer,Mariano Mayer,1
@culturaliteral1,Cultura Literal,1
@ayevargas666,Ayevargas666,1
@grok,Grok,1
@baigo28,MIGU‚Ç¨L,1
@franaldaya,Francisco Aldaya,1
@disneyplusla,Disney+ Latinoam√©rica,1
@dieworkwear,derek guy,1
@camiperochena,Camila Perochena,1
@dw_espanol,DW Espa√±ol,1
@estoesblender,BLENDER,1
@canal26noticias,CANAL 26,1
@chomickirio,ùïÆùñçùñîùñíùñé,1
@capturebizarre,Capture Bizarre¬Æ,1
@espnsutcliffe,John Sutcliffe,1
@econteo,Mateo,1
@emimernes_,emilia,1
@embajadorjpnarg,Embajador del Jap√≥n en la Argentina,1
@eltucumano_ok,el tucumano,1
@ecuainm_oficial,Ecuadorinmediato,1
@carlaangola,Carla Angola TV,1
@eduardomenoni,Eduardo Menoni,1
@elpaisuy,EL PA√çS,1
@eloraculoteama,El Or√°culo,1
@elmundoes,EL MUNDO,1
@carod2015,Carlos Rodriguez,1
@eliLatorre_,Eli Latorre,1
@edugaresp,Eduardo Garz√≥n,1
@el_poderdelmaso,El Peso Del Maso,1
@elduckpost,ELDUCK,1
@eldestapeweb,El Destape,1
@elcitizen,Leopoldo Castillo,1
@eldestape_radio,El Destape 1070,1
@celtyv,CELTYV,1
@canal10tucuman1,Canal 10 Tucum√°n,1
@dulce_tinita,Agus F.,1
@bichofeoonline,bichofeo,1
@euronewses,euronews espa√±ol,1
@discrepo__,Meto Tedina,1
@florGamazo,flor Gamazo,1
@elcosodelapizza,cosito de la pizza,1
@caidodelcatre,@caidodelcatre,1
@fllorenteantoni,Antonio F Llorente,1
@cami_albornoz99,Cami Albornoz,1
@finitaser,ùêÖùê¢ùêßùê¢,1
@camiblakie1,Cami Escudero,1
@fifaworldcup_es,Copa Mundial FIFA,1
@feviIIavicencio,Fernando Villavicencio,1
@fernechini,Amor al Fernet,1
@fernandezpm,Pablo M. Fern√°ndez,1
@camidigiuseppe,Cami,1
@ditefanol,Martin garrafal,1
@ciro_nah,Ciro Rodrigo,1
@fededomin,Federico Dominguez,1
@camidolabjian,Camila Dolabjian,1
@fededelia1,Federico D'Elia,1
@fedearccl,fede lopez,1
@camilapato1,Cami,1
@fabulawson,Fabu Lawson,1
@fabipa90,Fabipa,1
@cnni,CNN International,1
@dsmarias,Diego Marias,1
@ezeburgo,Ezequiel Burgo,1
@20m,20minutos.es,1
@ka_levin,Kevin Ary Levin,1
@infobaeamerica,Infobae Am√©rica,1
@informativost5,Informativos Telecinco,1
@radio2rosario,Radio2 AM1230,1
@radio_pichincha,Radio Pichincha,1
@radioquitoec,Radio Quito,1
@raultimerman,Ra√∫l Timerman,1
@rebecavives_,reb,1
@rgtizon,Rodrigo Gonz√°lez Tiz√≥n,1
@robergalati,Rober Galati,1
@robertojirusta,R.J.,1
@rodrigodeloredo,Rodrigo de Loredo,1
@rodrilussich,Rodrigo Lussich,1
@romi_lunaaa, Ä·¥è·¥ç…™ ·¥óÃàÍï•,1
@rovira_carlos,Carlos Rovira,1
@rtvenoticias,RTVE Noticias,1
@russellcrowe,Russell Crowe,1
@saanticaastro13,Santi Castro,1
@salvalescano,salvador,1
@santikorovsky,santiago korovsky,1
@primeraedicionw,Primera Edici√≥n,1
@porqueTTen_X,¬øPor qu√© tendencia?,1
@porqueTTarg,Tendencias en Argentina,1
@pagina12,P√°gina|12,1
@notimundoec,NotiMundo,1
@notsantti_2,santi,1
@offspring,The Offspring,1
@okdiario,okdiario.com,1
@osvaldooardiles,osvaldo ardiles,1
@pabloluciop,Pablo Lucio Paredes,1
@pabloquirno,Pablo Quirno,1
@pakitto_,paco ro√±oso,1
@polariscopi0,Polci,1
@panchoasturiano,Pancho,1
@parenlamanok,Paren la mano,1
@passalacquaok,Hugo Passalacqua,1
@patricano1970,jorge lp,1
@perezreverte,Arturo P√©rez-Reverte,1
@phil_hellmuth,phil_hellmuth,1
@pilaradiario,Pilar a Diario,1
@santimacagno4,santi,1
@sashaferro,SASHA,1
@sergiopeinador,SERGIO RODRIGUEZ,1
@villalbaFacuuu,Facundo Villalba,1
@ursuvargues,Ursula Vargues,1
@usdtermo,termo,1
@valchumorilla,Valentina,1
@valseese,Valentina,1
@vaticannews_it,Vatican News,1
@venenoodiada,Veneno,1
@victoriacintas,ùëâùëñùëê,1
@visionariasec,Visionarias,1
@uliceee11,ulices,1
@vmenditto,Miss Ofertas by Vero,1
@wanditanara,Badbitch,1
@wwnicolas,Nicol√°s Wi√±azki,1
@xmilianx_,Palito,1
@yanivega_,Yani Vega,1
@yukk66,Venezuela libre,1
@zerohedge,zerohedge,1
@unsamoficial,Universidad Nacional de San Mart√≠n,1
@tutefunado,Tute,1
@sexoalpublico,Sexo en la via publica,1
@telefe,telefe,1
@sextaNoticias,laSexta Noticias,1
@siam1500,Siam 1500,1
@sigmanoticias,sigmanoticias,1
@silviaimas,Silvia Imas,1
@superavitfiscal,Superavit Fiscal,1
@suric4taaa,Ojete de Anto Rocuzzo fan account,1
@telecincoes,Telecinco,1
@tepe_ha,Tepe,1
@turcocarp,Nadir Ghazal,1
@termenzo,termenzo,1
@tiagosinache,tiagosinache,1
@tomastrape,Tirano Pr√≥fugo,1
@tommrial,tom,1
@torneo_regional,Torneo Regional Amateur,1
@toyhartas,manyu.u,1
@tuliafa,Tulia Falleti,1
@noticierovv,Noticias Venevision,1
@nocontextfooty,Out Of Context Football,1
@nilitraductora,Nili,1
@lacha,lacha,1
@julianhollmann_,Juli√°n Hollmann,1
@ascensointerior,Ascenso del Interior,1
@karensichel,Karen Sichel,1
@kgalperin,Karina Galperin,1
@kiguel,Miguel A. Kiguel,1
@la1913com,La1913ok,1
@la_patilla,La Patilla,1
@ladymarketok,Lady Market,1
@juegosimple__,JS,1
@lalioficial,Lali,1
@lanacionmas,La Naci√≥n M√°s,1
@laposta__ec,La Posta,1
@larazon_es,La Raz√≥n,1
@lariamus,luz,1
@laureanomar,Laureano Marquez,1
@lauritalonso,Laura Alonso,1
@julian_kip,Julian @ ùóûùóúùó£ „äã‚´∏,1
@juansenjauregui,Juanse,1
@leocifelli,Leonardo Cifelli,1
@johacarradore,Johanna,1
@invertiramateur,Inversor Amateur,1
@itsvirchu,vir,1
@jaimemendezh,Jaime M√©ndez,1
@jeroveintidos,jero,1
@jmoralesbarbera,JM,1
@joacavanna,Joaqu√≠n Cavanna,1
@joaquinbrisuel1,joaquin brisuela,1
@jonbonjovi,Jon Bon Jovi,1
@juanigal_,Juan Igal,1
@josecarloscresp,Jos√© Carlos Crespo,1
@jpmarino79,Juan Pablo Marino,1
@juancahallak,Juan Carlos Hallak,1
@juancampanella,Juan Jos√© Campanella,1
@juancortese,Juan Cortese,1
@juancruzavila,Juan Cruz Avila,1
@juanenriqueUBA,Juan Enrique,1
@lautarodeIcampo,LACOBRAAA,1
@lexfridman,Lex Fridman,1
@nelsonbocaranda,Nelson Bocaranda Sardi.,1
@mileibarrial,El fen√≥meno barrial,1
@maxpugliese92,ùôàùòºùôìùôÑ,1
@mdzol,MDZ Online,1
@melaniejoly,M√©lanie Joly,1
@michaelroseroX,Michael Rosero,1
@micknojagger,C,1
@migoya,Martin Migoya,1
@miguelhotero,Miguel H Otero,1
@monitoreamos,Monitoreamos,1
@martinkabrhell,Martin Kabrhel,1
@morajozami,Mora Jozami,1
@morenoparalavic,Guillermo Moreno,1
@mouaixa,Aixa,1
@nadia_lucero19,NaniLucero.21,1
@nahuutwm,Nahu,1
@napoleonbravo,Napole√≥n Bravo,1
@nazanunezp,Naza Nu√±ez,1
@maximmontenegro,Maxi Montenegro,1
@martindardik,trinche,1
@leyresaenz21,Leyre S√°enz Guill√©n,1
@lucasllach,lucas llach,1
@liberaldeantoo,antonio,1
@liberyprogre,Fundaci√≥n Libertad y Progreso,1
@lola98__,Lola,1
@losprimerostuc,Los Primeros TV,1
@lospumas,Los Pumas,1
@lourdesgimeneez,Lourdes.,1
@luadorf,Lua,1
@luflorescba,Luciana Flores,1
@mariettgaspar__,fiffu,1
@lulalevy,Lula Levy,1
@lv7radiotucuman,LV7 Radio Tucum√°n,1
@maibortpetit,Maibort Petit,1
@majulluis,Luis Majul,1
@malerazo__,–ºalƒ∏a,1
@marcogammino8D,MARCO ‚òÖ‚òÖ‚òÖ,1
@marcos_galperin,Marcos Galperin,1
@astrobort,astrobort,1
@_crisenberg_,cris,1
@ariwenge,Ariel Wengerowsky,1
@Esquizonomics,Gringo Bonazzola,1
@ExcelHumor,memes.xlsx,1
@EzeJacof,Ezee,1
@F1,Formula 1,1
@FaacuMartin,Facu,1
@FabianWaldman,Fabian Waldman,1
@FactosConAdrian,Adrian Ackerman,1
@Fati64523386,Fa,1
@FatimaLemir,Faturri,1
@Fede_1891_C,Fedee Camacho,1
@Federic88189334,Federico Villalba,1
@FelipePigna,Felipe Pigna,1
@FiveThirtyEight,FiveThirtyEight,1
@Flantasma1,flantasma,1
@Flooravilez,Flori fali fru¬∑,1
@Flor_de_P,Florencia Pe√±a,1
@Flordelav,Flor De La Ve,1
@FoxNews,Fox News,1
@EstebanPaulon,Esteban Paul√≥n,1
@EnzoRuarte4,Enzo,1
@FranFijap,Fran Fijap,1
@EmilioSLozano,Emilio S√°nchez Lozano,1
@Econ_jobs_,Econ Job News,1
@EconomiaMises,Mises,1
@Edi_hermida,Edith Hermida,1
@EfectoCocuyo,Efecto Cocuyo,1
@ElEconomista_,El Economista,1
@ElNacionalWeb,El Nacional,1
@ElOtroValentin,Valent√≠n Canale,1
@ElPelucaMilei,El Peluca Milei,1
@ElPitazoTV,El Pitazo,1
@ElPulsoEc,Pulso,1
@El_Gran_Cala,EL GRAN Cala,1
@El_Hormiguero,El Hormiguero,1
@EleonoraGutie12,Eleonora,1
@EliTrotta,Elisa Trotta,1
@EmanuelGaitan18,Emanuel.,1
@EmanuelPortill7,Emanuel Portillo,1
@EmiliaGC__,emi ‚Ä¢,1
@FranColapinto,Franco Colapinto,1
@Franco_G03,Franco Guerrero,1
@LeonasARGHockey,LasLeonasHockeyARG,1
@IdaniaChirinos,Idania Chirinos,1
@Irys70,Irene,1
@Jeffers05879522,carlos,1
@JorgeGiacobbe,Jorge Giacobbe,1
@Jorge__Mas,Jorge Mas,1
@JoseLuisDazaAR,Jose Luis Daza,1
@Josefinastrs,JoseCAT,1
@JulioVillalb105,Julio Villalba,1
@KITUPI,Kitupi,1
@Kicillofok,Axel Kicillof,1
@Kicker0024,Santiago Bausili,1
@LATAM_BRA,LATAM Airlines Brasil,1
@LG_RDT,LG_RDT,1
@LLA_CABA,La Libertad Avanza CABA,1
@LaDoloresAgrup1,La Dolores,1
@LaGacetaTucuman,La Gaceta de Tucum√°n,1
@LeanZicca,Leandro Ziccarelli,1
@LeoMargets,Leo Margets,1
@InteriorFut,Interior Futbolero,1
@IMFSpokesperson,"Julie Kozack, IMF",1
@FranoFo,Francisco,1
@HistoriaNG,Historia National Geographic,1
@Fundbaccigalupo,FundacionBaccigalupo,1
@GabrielSnchez17,Gabriel S√°nchez,1
@GabyLob,SissiEmperatriz,1
@GastonGertner,Gast√≥n Gertner,1
@GerardoLopez,Gerardo L√≥pez,1
@GiuliMaglietti,Giuliana Maglietti,1
@Giulicastgnaro,Giuliano Castagnaro,1
@GoldmanSachs,Goldman Sachs,1
@GonchiTurcuman7,Toti,1
@Gonzaacarrera_,Gonzalo Carrera,1
@GordoEdicion,El gordo edici√≥n,1
@GranHermanoAr,Gran Hermano,1
@Grito_delSur,El Grito del Sur,1
@GuidoKaska,Guido Kaczka ·É¶,1
@HMarVera,mar vera ojeda,1
@HernanSCastillo,Hern√°n Castillo,1
@Hernanreg,Hernan Regiardo,1
@EconUdesa,Departamento de Econom√≠a - U. de San Andr√©s,1
@DolarBlueDiario,D√≥lar Blue Hoy,1
@DoctoraSexual,Doctora Sexual,1
@AndresACisneros,Andr√©s Cisneros,1
@AraziMartin,Martin Arazi,1
@Arce_Carlos_,Carlos Arce,1
@ArgElecciones,Elecciones Argentina 2025,1
@ArganarasMaira,cande,1
@Ariquiroga03,Ariana,1
@ArrepentidosLLA,Arrepentidos de Milei,1
@ArtemJoyero1,Artem Joyero Ucraniano,1
@Arteymas_,El Club del Arte,1
@AscensoHundido,AscensoHundido,1
@AsisOberdan,Jorge Asis,1
@BNPeriodismo,BN,1
@BalliMarixa,Marixa Balli,1
@Barbiizabala,Baarr,1
@BaulDeLDU,Ba√∫l de LDU,1
@Bennrubio,El Princeso,1
@Bladifiquese,Fedaykin,1
@BombitaDarin,Ricardo Darin,1
@Andres_vernazza,Andres Vernazza,1
@AnaCaro75153945,Ana Carol,1
@DiegoJRecalde,Diego Recalde,1
@AlertaNews24,Alerta News 24,1
@504_todo,sexo casero muy Rico,1
@74carlosnob,carlos badaracco,1
@7PRETOS,PRETO soy luz .,1
@888ff_,fifona,1
@A3Noticias,Antena 3 Noticias,1
@AESTIVIC,Alberto ≈†tiviƒá,1
@AFPespanol,Agence France-Presse,1
@ALBERTOACOSTAB,Alberto Acosta-Burneo,1
@AUFOficial,AUF,1
@Ag_Monteverde,Agust√≠n Monteverde,1
@AgendaCAF,CAF,1
@Agussbenitez07,gugu,1
@AlbertoRavell,Alberto Ravell,1
@AlbertoRodNews,AlbertoRodNews,1
@Albotermo,Albotermo,1
@AleCiroAlvarez,Alejandro Alvarez,1
@Alepereyra91298,Ale,1
@BotArgenzuela,Argenzuela TV,1
@BumperCrop1,Bumper Crop,1
@CAPArgento__,Pe√±argrol,1
@CATalleresdecba,Club Atl√©tico Talleres,1
@ClonanVandalo,Subcomandante Clonan,1
@CneCapital,CNE Distrito Capital,1
@CodigoVidrioEc,C√≥digo Vidrio,1
@Columbia,Columbia University,1
@CompromisoEduc,Compromiso Educaci√≥n,1
@ComunicacionEc,Comunicaci√≥n Ecuador,1
@Conifafa,Coni Fafasuli,1
@Cristobalpusso,Crist√≥bal,1
@D22025Dickinson,Paul Bruce Dickinson,1
@DAIAArgentina,DAIA,1
@DARIOLOPREITE,DARIOLOPREITE,1
@DOGE__news,(news) DOGE,1
@DanannOficial,Emmanuel Danann,1
@DanielNoboaOk,Daniel Noboa Azin,1
@DataDiario,Data Diario,1
@DeclaracionDDMM,Derechos de las Mujeres basados en el Sexo,1
@DecutRojas,Sonia Rojas Decut,1
@ChuoTorrealba,Jesus Chuo Torrealba,1
@ChuchoTrader,Chucho,1
@ChinaEmbArg,Embajada de China en Argentina,1
@CandeBulacio2,chocolatito,1
@CFKArgentina,Cristina Kirchner,1
@CHRISTI40239486,CHRISTIANSEN,1
@CHTorrendell,Carlos Horacio Torrendell,1
@CNBC,CNBC,1
@CNN,CNN,1
@Cadena3Com,Cadena 3 Argentina,1
@CamiiGonzalez52,pulga,1
@CarajoStream,Carajo,1
@CheLibertarian,Che Libertarian,1
@CaraotaDigital,Caraota Digital,1
@CarburandoTV,Carburando,1
@CarlaYumatle,Carla Yumatle,1
@CarolaPessino,Carola Pessino,1
@CaruSomoza,Caru Somoza,1
@CatClaudio,ClaudioAndradeCAT,1
@CentroDatosArg,Centro Argentino de Datos,1
@Leonardo_Padron,Leonardo Padr√≥n,1
@Lgiannatta48389,Luigi_Giannattasio Montes de Oca,1
@arilijalad,ari lijalad,1
@SeleBarrionuev,Sele Barrionuevo,1
@SexoSinCensura2,SexoSinCensura,1
@SickoFrankRizzo,Frank Rizzo,1
@Sobacigalupo,À¢·µí·∂†‚Å±·µÉ,1
@Sofiabrambilla,Sofia Brambilla,1
@SoyAlpinito,Alpinito,1
@SoyFeudaleM,Marcela Feudale,1
@SsissyS,Ssissy,1
@StalinCobena,Stalin Cobena,1
@TheGrinder44,Michael Mizrachi - The Grinder,1
@TheRussianVolga,Ruso,1
@TheTopComics,The Top Comics,1
@Tinchoo_10,Martincho Ô£ø,1
@TodoNegativo,Todo Negativo,1
@TorresErwerle,Valent√≠n Torres Erwerle,1
@TraderX3AL30,TraderBCRA,1
@TraductorTeAma,Traductor,1
@TravelVida,ùöÉùöõùöäùöüùöéùöï ùöÖùöíùöçùöä,1
@SevillaRoque,Roque Sevilla,1
@Sebasrur,Sebasti√°n Srur,1
@UBAonline,UBAonline,1
@Sdnjuli,Julieta,1
@RazziniVeronica,Vero Razzini,1
@RecibimientoT,Recibimiento Albiazul,1
@RenzoMPantich,RENZO PANTICH,1
@RepFrenchHill,French Hill,1
@Republica_naOK,Silvia_RepublicanaOK,1
@ResisGarrahan,Residencia Pediatria Garrahan,1
@RiverLPM,La P√°gina Millonaria,1
@RociAp16,Rocio Aparicio,1
@Rociotorrez_11,Roo,1
@RodB1509,Rodrigo Braga,1
@RodrigoFronzo,Rodrigo Fronzo,1
@Rojodamian,Damian Rojo,1
@RunRunesWeb,Runrunes,1
@SIA_Argentino,Servicio de Inteligencia Argentino,1
@SantiForrester_,Santi Forrester,1
@Santi_Bruno22,Santi,1
@Santiravera,Santiago,1
@TuckerGringo,El Tuca,1
@UNoticias,√öltimas Noticias,1
@Liberal080706,LiberalLegislativo,1
@agusantonetti,Agust√≠n Antonetti,1
@agusnava1307,Agus,1
@aguspadillauy,Agus Padilla,1
@agusteruelo21,Agus Teruelo,1
@ahorrandoclick1,Ahorrando Clickbaits,1
@albertocavallo,Alberto Cavallo,1
@aleberco,Alejandro Bercovich,1
@aleprietoo_,Ale Prieto,1
@alfleuco,Alfredo Leuco,1
@allinargy,Cap. Ace McCloud,1
@amante_pareja,pareja amante al sexo,1
@anacaro46679024,ana carol,1
@anarios2112,Anita,1
@andevillamarin,Andr√©s Villamar√≠n Espinel,1
@andreselopeze,Andr√©s L√≥pez E.,1
@antena3com,Antena 3,1
@arg_endatos,Argentina en Datos,1
@arielsbdar,Ariel Sbdar,1
@agusdababy,agus,1
@aguerosergiokun,Sergio Kun Aguero,1
@Un_mundo_otaku,Mundo Otaku,1
@agostini____,Agostini,1
@UriosAnibal,Anibal Urios,1
@Urruchurtu,Pedro Urruchurtu Noselli,1
@ValeRivadeneir4,valentina,1
@Valeia013_,Val Leguizam√≥n,1
@Vanina91076678,Vanina,1
@VaticanNews,Vatican News,1
@Vickymartin1000,Vicky Martin,1
@VyGTalleres,Viejo Y Glorioso Talleres,1
@WSOP,WSOP - World Series of Poker,1
@Yamilapuscama1,Yami,1
@_DeepPurple,Deep Purple,1
@_alvarogonzalez,√Ålvaro Gonz√°lez,1
@4uf_wiedersehen,Aufie,1
@_gggeno,Genoveva,1
@abc_es,ABC.es,1
@afa,AFA,1
@agospalazzolo,ardi bum,1
@RPN_Oficial,Revoluci√≥n Popular,1
@RADIOZONICA,#RadioZonica #Zonica,1
@Pulujv,Mat√≠as,1
@MariaEmiliaOro,Maria Emilia Orozco,1
@Marirusso1979,Marie Russo,1
@MartinUribeEcon,Martin Uribe,1
@MarucMc,Maru,1
@MashiRafael,Rafael Correa,1
@MateoSfeir,Mateo,1
@MatiasSchrank,Mat√≠as Schrank,1
@MedioRiver,Medio River,1
@MemeMinistro,Sr. Ministro,1
@MichelGuilleOK,Guillermo Michel,1
@MinGobiernoEc,Ministerio de Gobierno Ecuador,1
@MrJuanDoe,Juan Doe,1
@MundoChaca,Mundo Chacarita,1
@MundoEConflicto,Mundo en Conflicto,1
@Mundo__Paisajes,Paisajes del Mundo,1
@MzaDGE,DGE Mendoza,1
@NANCYPAZOS,@NANCYPAZOS,1
@NBALatam,NBA Latam,1
@Mariolugones_ar,Mario Lugones,1
@MariaCorinaYA,Mar√≠a Corina Machado,1
@PrimeraPlanaECU,PrimeraPlanaECU,1
@MariaCa00503855,MariaCabrera,1
@LigaAFA,Liga Profesional de F√∫tbol,1
@LisandrMartinez,Lisandro Martinez,1
@LucaSartorio,Luca Sartorio,1
@Luis_bullrich,Lucho Bullrich,1
@LuisaGonzalezEc,Luisa Gonz√°lez,1
@Luisa__Nino,Luisa,1
@LukiGrimson,Luki Grimson,1
@LuquitaRodrigue,Luis Luis Pichin,1
@MGEstevarena,Maril√∫ Gonz√°lez Estevarena,1
@MInterior_AR,Ministerio del Interior,1
@M_pacifista,M,1
@MaariAparicio,ùìúùì™ùìªùì≤ùì™,1
@MagaSoria,Mugumu,1
@MaggeDelbene,Magge Fromgood,1
@MainCaucus,Republican Main Street Caucus,1
@Manolo22052015,Arturo Pereira,1
@Marcelo_MM2023,MARCELO,1
@NFL,NFL,1
@NTN24,NTN24,1
@NTN24ve,NTN24 Venezuela,1
@NYGBertie,Bertie Benegas Lynch,1
@PalanqueroDLR,Palanquero,1
@PaparazziRevis,Paparazzi,1
@Paralyticss,Paralytics,1
@Paramount_LatAm,Paramount Latinoam√©rica,1
@PellizaCarla,Carla Pelliza,1
@Pendejis_sc,Pende,1
@PilarLopezN,Pilar L√≥pez Novoa,1
@PlanetaBoca,Planeta Boca Juniors,1
@PlanetaCAT,Planeta Talleres,1
@PoleoRafael,Rafael Poleo,1
@PoliticaEnRiver,Politica en River,1
@Pontifex266Arch,Pope Francis ‚Äì ARCHIVE,1
@Pontifex266_es,Papa Francisco ‚Äì ARCHIVO,1
@Pontifex_es,Papa Le√≥n XIV,1
@Popama2,Verito#√ëo√±aRepublicana,1
@Presidencia_Ec,Presidencia Ecuador,1
@PrimeVideoLat,Prime Video LATAM,1
@PP_Rubens,Dr. Peter Paul Rubens,1
@PALavigne83,Pablo Lavigne,1
@OtraPendeja,Pendejis,1
@NicolasMayoraz,Nicol√°s Mayoraz,1
@Nachi15703765,Nachi,1
@Nadiaaaa77,‚Ä¢ùëµùíÇùíÖùíäùíÇ‚Ä¢,1
@NataliaVartan,Natalia Vartan,1
@NaturalMVMT,Brandon Scott,1
@NicoDujovne,Nicolas Dujovne,1
@Nico_Balus,Nico Balus,1
@Nico_sexo,Nico,1
@NituPerez,Nitu P√©rez Osuna,1
@OsvaldoJaldo,Osvaldo Jaldo,1
@Notamendi30,Nicolas Otamendi,1
@Nucleoelectrica,Nucleoel√©ctrica Argentina,1
@OEA_DDOT,OEA - Departamento Contra Delincuencia Organizada,1
@OPRArgentina,Oficina del Presidente,1
@ObservadorUY,El Observador Uruguay,1
@OldArg1810,Argentina en la Memoria,1
@Ortega_Joselo,Joselo,1
@ziberiaI,Ziberial,1
