profile,text,reactions,comments,shares,created_at,followers
Mercado Pago,"Sumamos nuevas funcionalidades a nuestro MCP Server. Ahora los desarrolladores pueden configurar y simular notificaciones, validar est√°ndares de calidad de las integraciones, e identificar y corregir f√°cilmente fallas recurrentes.
Estas nuevas herramientas buscan simplificar el proceso de desarrollo y agilizar el trabajo de quienes integran nuestras soluciones, desde el entorno (IDE) que hayan elegido.

M√°s info üëâüèª",22,0,2,10/11/2025,0
Mercado Pago,"M√°s de 8 mil estudiantes de escuelas secundarias de todo el pa√≠s se inscribieron en la segunda edici√≥n de las Olimp√≠adas de Educaci√≥n Financiera, que organizamos junto a Junior Achievement Argentina, en colaboraci√≥n con Lufindo | EdFinTech. A trav√©s de talleres y desaf√≠os pr√°cticos, los j√≥venes fortalecieron sus conocimientos sobre finanzas personales, seguridad digital y uso responsable del dinero. De hecho, el 80% asegur√≥ que lo aprendido tendr√° un impacto positivo en su futuro.

La premiaci√≥n, realizada en las oficinas de Mercado Libre, reuni√≥ a los equipos ganadores del Colegio Secundario N¬∞9 de El Calafate, Santa Cruz, la Escuela Tecnol√≥gica Universitaria Werner von Siemens y la Escuela del Encuentro de Quilmes, ambas de la Provincia de Buenos Aires.",57,9,9,27/10/2025,0
Mercado Pago,"hashtag
#TeSoyFranco: Mercado Pago te conviene m√°s.",337,3,3,11/10/2025,0
Mercado Pago,"Desde que los beneficiarios eligieron cobrar su asignaci√≥n social a trav√©s de Mercado Pago accedieron de forma simple y segura a soluciones de ahorro, inversi√≥n, pr√©stamos y herramientas que impulsan sus emprendimientos. 

‚úÖ +860 mil beneficiarios generan rendimientos con su saldo. En promedio, incrementaron el valor de su asignaci√≥n m√°s de un 2% mensual, frente al 0% que ofrec√≠an otras cuentas.
‚úÖ El 98% de los fondos se mantienen dentro del ecosistema, reduciendo el uso de efectivo e impulsando la econom√≠a formal.
‚úÖ+300 mil beneficiarios usan la cuenta digital de Mercado Pago y herramientas de cobro digitales para generar ingresos.",96,0,10,11/10/2025,0
Mercado Pago,"Ahora tambi√©n se puede pagar el colectivo acercando el QR de Mercado Pago al lector del validador en todas las l√≠neas habilitadas. Una nueva forma de viajar con la que todos ganan, porque funciona desde cualquier celular, sin tarjetas ni conexi√≥n a internet.

Seg√∫n un relevamiento, 8 de cada 10 usuarios encuestados que ya usaron esta modalidad en el subte asegura que abonar con QR es m√°s simple y pr√°ctico, principalmente por su velocidad. Adem√°s, el 65% piensa adoptar esta modalidad de pago en la totalidad o mayor√≠a de sus viajes.

El pago con c√≥digo QR ya est√° disponible para todos los usuarios de Mercado Pago. Para m√°s informaci√≥n sobre las l√≠neas de colectivos que aceptan esta modalidad üëâüèª",333,9,9,11/09/2025,0
Mercado Pago,"ü§ù Uma noite especial para celebrar parcerias que transformam o mercado.

Na √∫ltima semana, tivemos o privil√©gio de reunir l√≠deres de grandes marcas em um jantar exclusivo que vai muito al√©m dos neg√≥cios. Foi uma oportunidade √∫nica de estreitar la√ßos, compartilhar experi√™ncias e trocar boas pr√°ticas que impulsionam a inova√ß√£o no setor de pagamentos.

Durante a noite, pudemos ouvir hist√≥rias inspiradoras, desafios superados e vis√µes de futuro que nos motivam a continuar evoluindo nossas solu√ß√µes. Foi uma oportunidade √∫nica de fortalecer la√ßos, trocar boas pr√°ticas e construir, juntos, o futuro dos meios de pagamento e servi√ßos financeiros na Am√©rica Latina.

Momentos como este nos lembram que, por tr√°s de cada transa√ß√£o, existe uma rela√ß√£o de confian√ßa constru√≠da dia ap√≥s dia. E √© essa confian√ßa que nos move a buscar sempre a excel√™ncia.

Obrigado a todos os parceiros que estiveram presentes, em especial a, diretor de Enterprise,do,e o diretor de e-commerce da Lenovo, que subiram no palco e compartilharam suas experi√™ncias e boas pr√°ticas.

Juntos, continuamos construindo o futuro dos pagamentos no Brasil! üöÄ",217,20,20,12/08/2025,0
Mercado Pago,"Mercado Pago adquiere plataforma de inversiones y fortalece su presencia.

En un nuevo paso en su evoluci√≥n para convertirse en uno de los mayores bancos digitales de Brasil, Mercado Pago anuncia la adquisici√≥n del 100% de Nikos DTVM, plataforma de inversiones del Grupo Nikos y socio comercial desde 2022.

La combinaci√≥n de las operaciones reforzar√° la propuesta de valor de Mercado Pago, ofreciendo una experiencia de inversiones a√∫n m√°s completa y diversificada, con el objetivo de impulsar su base de usuarios y aumentar el volumen de activos bajo gesti√≥n, que en el segundo trimestre de este a√±o alcanz√≥ los US$ 13,8 mil millones en toda Am√©rica Latina.

Antes de su finalizaci√≥n, la operaci√≥n a√∫n deber√° ser aprobada por el Banco Central.

Le√© la nota completa:",526,6,6,11/10/2025,0
Mercado Pago,"Nuevo episodio de Inside Mercado Libre: con Paula Arregui, VP Senior de Acquiring en Mercado Pago.

Hoy lanzamos el sexto episodio de nuestro podcast corporativo, Inside Mercado Libre, con Paula Arregui, la primera empleada de Mercado Pago y actual Vice Presidente Senior de Mercado Pago.

En esta conversaci√≥n con nuestro Director de Relaciones con Inversores, Richard Cathcart, Paula repasa su recorrido de 25 a√±os en la compa√±√≠a y c√≥mo Mercado Pago pas√≥ de ser una idea a convertirse en el adquirente fintech m√°s grande de Am√©rica Latina, procesando USD 142 mil millones en volumen total de pagos solo en 2024.

Tambi√©n comparte c√≥mo la sinergia con el ecosistema de Mercado Libre potencia nuestra propuesta de valor, el impacto de Mercado Pago en la digitalizaci√≥n del dinero en la regi√≥n y analiza la gran oportunidad que representa M√©xico, donde el efectivo a√∫n representa el 38% del dinero transaccionado (TPV).

Escuch√° el episodio completo en Spotify:",81,10,10,14/05/2025,0
Mercado Pago,"üá¶üá∑ Presentamos la tarjeta de cr√©dito f√≠sica y virtual Mastercard de Mercado Pago. Se ofrecer√° de forma paulatina a los usuarios a trav√©s de la app en las pr√≥ximas semanas. 

Es simple, gratuita, sin costos ocultos y con m√°s beneficios para sus usuarios.

Seguimos impulsando la inclusi√≥n financiera y el acceso a financiamiento en Argentina.",1655,27,27,11/09/2025,0
Mercado Pago,"Desde hoy, los usuarios de Mercado Pago pueden comprar d√≥lar oficial con acreditaci√≥n inmediata e ingresar d√≥lares desde otras cuentas para generar rendimientos diarios de forma simple.

Los d√≥lares invertidos pueden usarse en cualquier momento. Actualmente, el Fondo Com√∫n de Inversi√≥n* en d√≥lares, administrado pory custodiado por, rinde 2,4% anual (promedio de los √∫ltimos 30 d√≠as).

Seg√∫n un relevamiento propio, la mitad de los usuarios encuestados asegur√≥ que antes de usar Mercado Pago no los invert√≠a o los guardaba en efectivo. Con esta soluci√≥n buscamos impulsar que sus ahorros en d√≥lares crezcan para que m√°s personas ganen.
Las nuevas funcionalidades se habilitar√°n de forma progresiva para todos los usuarios.

*La operaci√≥n de cambio es realizada por Banco Industrial S.A. El Fondo Com√∫n de Inversi√≥n IAM Retorno D√≥lares es administrado por Industrial Asset Management S.A.S.G.F.C.I. y custodiado por Banco Industrial S.A.",572,22,22,12/08/2025,0
Mercado Pago,"Mercado Pago implementa su nueva identidad y adopta el color amarillo de Mercado Libre üíõ

Un cambio que refuerza la integraci√≥n del ecosistema m√°s grande de comercio electr√≥nico y soluciones financieras de Am√©rica Latina donde todos ganan.

Para los usuarios no se modifica su experiencia de uso: seguir√°n utilizando su cuenta digital y herramientas de cobro con la facilidad y seguridad de siempre.",680,114,114,13/06/2025,0
Mercado Pago,"Desde la Central de Seguridad los usuarios pueden revisar los m√©todos de seguridad activos y robustecer la protecci√≥n de su cuenta digital de manera simple y r√°pida.

Para navegar la Central deben tocar ‚ÄúM√°s‚Äù desde la barra inferior de la home, y  luego  ‚ÄúSeguridad‚Äù. Entre otras tareas pueden:

‚úÖConfigurar m√©todos de verificaci√≥n.
‚úÖDesignar personas de confianza.
‚úÖAdministrar alertas en tiempo real.",148,4,4,11/10/2025,0
Mercado Pago,"Ya est√° disponible MCP Server de Mercado Pago, una herramienta que permite a los desarrolladores interactuar con nuestra documentaci√≥n t√©cnica en lenguaje natural directamente desde su entorno de desarrollo -IDE- favorito.
Esta nueva funcionalidad aprovecha el poder de la inteligencia artificial para optimizar los flujos de desarrollo, reducir tiempos y mejorar la experiencia de quienes integran nuestras soluciones.

Disponible en los principales clientes: Cursor, Windsurf y Claude, o en el IDE de preferencia compatible con MCPs.

M√°s informaci√≥n:",2443,73,73,13/07/2025,0
Mercado Pago,"A partir de hoy, los comercios argentinos que utilicen la terminal de cobro Point Smart de Mercado Pago podr√°n ofrecerle a los clientes brasile√±os pagar con Pix, el medio de pago m√°s popular en Brasil, mediante c√≥digo QR üáßüá∑üá¶üá∑

Con esta nueva soluci√≥n los turistas tendr√°n una opci√≥n m√°s econ√≥mica, r√°pida y segura al momento de comprar con cualquier billetera virtual de ese pa√≠s. Adem√°s, ofrece una mejor experiencia al eliminar la necesidad de efectivo o cambio de divisas.

Los comerciantes podr√°n acceder al medio m√°s econ√≥mico, impulsar sus negocios y generar rendimientos diarios con el saldo de sus ventas a trav√©s de su cuenta digital. En esta primera etapa, este medio de cobro se habilitar√° de manera progresiva.

Seguimos avanzando en el desarrollo de los pagos transfronterizos, creando herramientas que impulsan la digitalizaci√≥n del dinero y acompa√±an el crecimiento y desarrollo econ√≥mico de miles de comercios en toda Am√©rica Latina.",1606,31,31,13/02/2025,0
Mercado Pago,"A partir de hoy, los usuarios argentinos pueden usar su cuenta digital en Uruguay para realizar pagos en m√°s de 50 mil comercios a trav√©s del QR de Mercado Pago. 

Esta soluci√≥n habilita una alternativa simple y segura para los argentinos que viajen por turismo o negocios a este destino, con la misma facilidad con la que hacen sus compras en nuestro pa√≠s e impulsando el crecimiento de comerciantes y vendedores uruguayos.

Durante esta primera etapa, tras escanear el c√≥digo QR, los argentinos podr√°n hacerlo con las tarjetas que tengan cargadas en su cuenta digital.

Con esta innovaci√≥n damos nuestro primer paso en el desarrollo de los pagos transfronterizos, ofreciendo nuevas posibilidades para nuestros usuarios, desde el celular y sin la necesidad de buscar cajeros autom√°ticos o cambiar divisas.",1629,31,31,14/01/2025,0
Mercado Pago,"Este a√±o, m√°s de 3.600 estudiantes de todo el pa√≠s participaron de las primeras Olimpiadas de Educaci√≥n Financiera. Mediante desaf√≠os pr√°cticos aprendieron en equipo sobre ahorro, inversi√≥n, planificaci√≥n y seguridad digital, herramientas clave para tomar decisiones responsables e informadas.

Hoy, junto ay, vivimos un d√≠a lleno de inspiraci√≥n y aprendizaje en las oficinas de Mercado Libre, donde premiamos a los equipos destacados de esta primera edici√≥n.

Felicitamos especialmente a los equipos ganadores de la escuela Colegio Siglo XXI de R√≠o Negro, el Instituto La Salle Florida de la Provincia de Buenos Aires y el Instituto Dalmacio V√©lez S√°rsfield de C√≥rdoba que, con esfuerzo y curiosidad, dejaron huella en esta primera experiencia.

Seguimos comprometidos con fomentar la educaci√≥n financiera y acercar oportunidades a las nuevas generaciones, para que puedan so√±ar en grande y construir un futuro lleno de posibilidades.",263,14,14,15/12/2024,0
Mercado Pago,"Mercado Pago fue reconocida en la torre de Nasdaq en Nueva York junto a bancos y fintech l√≠deres en la regi√≥n por el impacto en la transformaci√≥n del ecosistema financiero de Am√©rica Latina.

Este logro nos impulsa a seguir construyendo un futuro con m√°s inclusi√≥n financiera, acercando soluciones innovadoras que acompa√±en el crecimiento y desarrollo de m√°s personas, PyMES y emprendedores.

Muchas gracias a Nasdaq por destacarnos y apoyar nuestra misi√≥n.",1020,14,14,15/12/2024,0
Mercado Pago,"La posibilidad de cobrar una asignaci√≥n social a trav√©s de Mercado Pago impuls√≥ la reducci√≥n del uso de efectivo de los beneficiarios y el acceso a los servicios financieros. 

En solo siete meses m√°s de 340 mil usuarios eligieron cobrar sus asignaciones de ANSES por Mercado Pago y administrar su dinero desde el celular de la forma m√°s pr√°ctica, sin filas, sucursales ni efectivo. Desde entonces, 8 de cada 10 beneficiarios ANSES asegur√≥ utilizar menos efectivo para su d√≠a a d√≠a.

Esto genera un impacto positivo en la digitalizaci√≥n de la econom√≠a. Mientras que en 2022, el dinero de la asignaci√≥n se extra√≠a en efectivo en 24/48 horas, hoy el 98% de los fondos se mantiene en el ecosistema digital, y se extrae apenas el 2%.

Para los beneficiarios esta decisi√≥n representa una verdadera puerta de entrada a la inclusi√≥n financiera. De acuerdo a un relevamiento interno, el 85% genera rendimientos frente al 0% que obten√≠an en otras cuentas y adem√°s, 6 de cada 10 asegur√≥ que su primer pr√©stamo lo obtuvo a trav√©s de Mercado Pago.

Mir√° el informe completo ac√° üëâ",321,12,12,15/12/2024,0
